GAME_ID,TEAM_ID,TEAM_ABBREVIATION,TEAM_CITY,PLAYER_ID,PLAYER_NAME,NICKNAME,START_POSITION,COMMENT,MIN,PCT_FGA_2PT,PCT_FGA_3PT,PCT_PTS_2PT,PCT_PTS_2PT_MR,PCT_PTS_3PT,PCT_PTS_FB,PCT_PTS_FT,PCT_PTS_OFF_TOV,PCT_PTS_PAINT,PCT_AST_2PM,PCT_UAST_2PM,PCT_AST_3PM,PCT_UAST_3PM,PCT_AST_FGM,PCT_UAST_FGM
0022401196,1610612760,OKC,Oklahoma City,1641794,Dillon Jones,Dillon,F,,36.000000:08,0.857,0.143,0.615,0.0,0.231,0.154,0.154,0.154,0.615,0.5,0.5,1.0,0.0,0.6,0.4
0022401196,1610612760,OKC,Oklahoma City,1629026,Kenrich Williams,Kenrich,F,,37.000000:06,0.611,0.389,0.941,0.118,0.0,0.118,0.059,0.118,0.824,0.25,0.75,0.0,0.0,0.25,0.75
0022401196,1610612760,OKC,Oklahoma City,1631119,Jaylin Williams,Jaylin,C,,2.000000:16,1.0,0.0,0.0,0.0,0.0,0.0,0.0,0.0,0.0,0.0,0.0,0.0,0.0,0.0,0.0
0022401196,1610612760,OKC,Oklahoma City,1630198,Isaiah Joe,Isaiah,G,,34.000000:48,0.267,0.733,0.353,0.118,0.353,0.176,0.294,0.176,0.235,0.0,1.0,0.5,0.5,0.2,0.8
0022401196,1610612760,OKC,Oklahoma City,1630598,Aaron Wiggins,Aaron,G,,36.000000:30,0.667,0.333,0.429,0.0,0.214,0.143,0.357,0.25,0.429,0.333,0.667,0.0,1.0,0.25,0.75
0022401196,1610612760,OKC,Oklahoma City,1642382,Branden Carlson,Branden,,,38.000000:33,0.579,0.421,0.615,0.0,0.231,0.077,0.154,0.115,0.615,0.375,0.625,1.0,0.0,0.5,0.5
0022401196,1610612760,OKC,Oklahoma City,1641745,Adam Flagler,Adam,,,21.000000:55,0.286,0.714,1.0,0.0,0.0,0.0,0.0,0.0,1.0,1.0,0.0,0.0,0.0,1.0,0.0
0022401196,1610612760,OKC,Oklahoma City,1642505,Alex Ducas,Alex,,,14.000000:53,0.333,0.667,0.0,0.0,0.6,0.0,0.4,0.0,0.0,0.0,0.0,1.0,0.0,1.0,0.0
0022401196,1610612760,OKC,Oklahoma City,1642349,Ajay Mitchell,Ajay,,,17.000000:50,0.3,0.7,0.571,0.0,0.429,0.0,0.0,0.0,0.571,0.0,1.0,1.0,0.0,0.333,0.667
0022401196,1610612760,OKC,Oklahoma City,1627936,Alex Caruso,Alex,,DND - Injury/Illness,,,,,,,,,,,,,,,,
0022401196,1610612760,OKC,Oklahoma City,1631172,Ousmane Dieng,Ousmane,,DND - Injury/Illness,,,,,,,,,,,,,,,,
0022401196,1610612760,OKC,Oklahoma City,1641717,Cason Wallace,Cason,,DND - Injury/Illness,,,,,,,,,,,,,,,,
0022401196,1610612740,NOP,New Orleans,1641810,Antonio Reeves,Antonio,F,,39.000000:10,0.714,0.286,0.8,0.0,0.0,0.0,0.2,0.1,0.8,0.875,0.125,0.0,0.0,0.875,0.125
0022401196,1610612740,NOP,New Orleans,1631232,Keion Brooks Jr.,Keion,F,,39.000000:23,0.6,0.4,0.533,0.267,0.2,0.067,0.267,0.2,0.267,0.5,0.5,1.0,0.0,0.6,0.4
0022401196,1610612740,NOP,New Orleans,1630526,Jeremiah Robinson-Earl,Jeremiah,C,,33.000000:16,0.563,0.438,0.6,0.0,0.3,0.2,0.1,0.2,0.6,0.333,0.667,1.0,0.0,0.5,0.5
0022401196,1610612740,NOP,New Orleans,203901,Elfrid Payton,Elfrid,G,,17.000000:31,0.8,0.2,0.0,0.0,1.0,0.0,0.0,0.0,0.0,0.0,0.0,1.0,0.0,1.0,0.0
0022401196,1610612740,NOP,New Orleans,1630631,Jose Alvarado,Jose,G,,33.000000:37,0.438,0.563,0.571,0.0,0.214,0.0,0.214,0.0,0.571,0.5,0.5,1.0,0.0,0.6,0.4
0022401196,1610612740,NOP,New Orleans,1631288,Jamal Cain,Jamal,,,28.000000:01,0.714,0.286,0.556,0.0,0.167,0.222,0.278,0.111,0.556,0.4,0.6,1.0,0.0,0.5,0.5
0022401196,1610612740,NOP,New Orleans,1630283,Kylor Kelley,Kylor,,,15.000000:27,1.0,0.0,0.667,0.0,0.0,0.0,0.333,0.0,0.667,1.0,0.0,0.0,0.0,1.0,0.0
0022401196,1610612740,NOP,New Orleans,1631311,Lester Quinones,Lester,,,33.000000:35,0.4,0.6,0.353,0.0,0.353,0.118,0.294,0.0,0.353,0.0,1.0,1.0,0.0,0.4,0.6
0022401196,1610612740,NOP,New Orleans,1628971,Bruce Brown,Bruce,,DND - Injury/Illness,,,,,,,,,,,,,,,,
0022401196,1610612740,NOP,New Orleans,1631255,Karlo Matković,Karlo,,DND - Injury/Illness,,,,,,,,,,,,,,,,
0022401196,1610612740,NOP,New Orleans,1642274,Yves Missi,Yves,,DND - Injury/Illness,,,,,,,,,,,,,,,,
0022401222,1610612755,PHI,Philadelphia,202331,Paul George,Paul,F,,39.000000:47,0.55,0.45,0.424,0.061,0.545,0.061,0.03,0.091,0.364,0.286,0.714,0.5,0.5,0.385,0.615
0022401222,1610612755,PHI,Philadelphia,1630231,KJ Martin,KJ,F,,21.000000:22,0.5,0.5,1.0,0.0,0.0,1.0,0.0,1.0,1.0,1.0,0.0,0.0,0.0,1.0,0.0
0022401222,1610612755,PHI,Philadelphia,203083,Andre Drummond,Andre,C,,28.000000:14,0.714,0.286,0.889,0.0,0.0,0.0,0.111,0.0,0.889,0.75,0.25,0.0,0.0,0.75,0.25
0022401222,1610612755,PHI,Philadelphia,1626162,Kelly Oubre Jr.,Kelly,G,,39.000000:46,0.636,0.364,0.632,0.0,0.158,0.105,0.211,0.368,0.632,0.333,0.667,1.0,0.0,0.429,0.571
0022401222,1610612755,PHI,Philadelphia,1630178,Tyrese Maxey,Tyrese,G,,39.000000:57,0.571,0.429,0.3,0.0,0.45,0.325,0.25,0.25,0.3,0.333,0.667,0.667,0.333,0.5,0.5
0022401222,1610612755,PHI,Philadelphia,200768,Kyle Lowry,Kyle,,,17.000000:49,0.0,1.0,0.0,0.0,0.0,0.0,1.0,0.0,0.0,0.0,0.0,0.0,0.0,0.0,0.0
0022401222,1610612755,PHI,Philadelphia,1627824,Guerschon Yabusele,Guerschon,,,18.000000:20,0.0,1.0,0.0,0.0,0.0,0.0,0.0,0.0,0.0,0.0,0.0,0.0,0.0,0.0,0.0
0022401222,1610612755,PHI,Philadelphia,1641741,Ricky Council IV,Ricky,,,8.000000:36,0.5,0.5,0.333,0.0,0.0,0.333,0.667,0.333,0.333,0.0,1.0,0.0,0.0,0.0,1.0
0022401222,1610612755,PHI,Philadelphia,201569,Eric Gordon,Eric,,,26.000000:09,0.0,1.0,0.0,0.0,1.0,0.0,0.0,0.0,0.0,0.0,0.0,1.0,0.0,1.0,0.0
0022401222,1610612755,PHI,Philadelphia,1630288,Jeff Dowtin Jr.,Jeff,,DNP - Coach's Decision,,,,,,,,,,,,,,,,
0022401222,1610612755,PHI,Philadelphia,1642348,Justin Edwards,Justin,,DNP - Coach's Decision,,,,,,,,,,,,,,,,
0022401222,1610612755,PHI,Philadelphia,202704,Reggie Jackson,Reggie,,DNP - Coach's Decision,,,,,,,,,,,,,,,,
0022401222,1610612755,PHI,Philadelphia,1631250,Pete Nance,Pete,,DNP - Coach's Decision,,,,,,,,,,,,,,,,
0022401222,1610612766,CHA,Charlotte,1630182,Josh Green,Josh,F,,29.000000:49,0.25,0.75,0.4,0.0,0.6,0.5,0.0,0.7,0.4,0.0,1.0,1.0,0.0,0.5,0.5
0022401222,1610612766,CHA,Charlotte,1628970,Miles Bridges,Miles,F,,28.000000:14,0.579,0.421,0.667,0.0,0.25,0.208,0.083,0.083,0.667,0.625,0.375,1.0,0.0,0.7,0.3
0022401222,1610612766,CHA,Charlotte,1631109,Mark Williams,Mark,C,,17.000000:04,1.0,0.0,0.857,0.0,0.0,0.143,0.143,0.429,0.857,1.0,0.0,0.0,0.0,1.0,0.0
0022401222,1610612766,CHA,Charlotte,1641706,Brandon Miller,Brandon,G,,31.000000:12,0.222,0.778,0.333,0.0,0.5,0.0,0.167,0.0,0.333,0.0,1.0,1.0,0.0,0.5,0.5
0022401222,1610612766,CHA,Charlotte,1630163,LaMelo Ball,LaMelo,G,,25.000000:50,0.467,0.533,0.267,0.0,0.6,0.0,0.133,0.067,0.267,0.5,0.5,1.0,0.0,0.8,0.2
0022401222,1610612766,CHA,Charlotte,203995,Vasilije Micić,Vasilije,,,16.000000:07,0.667,0.333,0.0,0.0,0.0,0.0,0.0,0.0,0.0,0.0,0.0,0.0,0.0,0.0,0.0
0022401222,1610612766,CHA,Charlotte,1630208,Nick Richards,Nick,,,15.000000:14,1.0,0.0,0.737,0.0,0.0,0.105,0.263,0.0,0.737,1.0,0.0,0.0,0.0,1.0,0.0
0022401222,1610612766,CHA,Charlotte,1628998,Cody Martin,Cody,,,28.000000:59,0.286,0.714,0.4,0.0,0.6,0.0,0.0,0.7,0.4,0.0,1.0,1.0,0.0,0.5,0.5
0022401222,1610612766,CHA,Charlotte,1642275,Tidjane Salaün,Tidjane,,,18.000000:16,0.0,1.0,0.0,0.0,0.0,0.0,0.0,0.0,0.0,0.0,0.0,0.0,0.0,0.0,0.0
0022401222,1610612766,CHA,Charlotte,1631217,Moussa Diabaté,Moussa,,,15.000000:42,1.0,0.0,1.0,0.0,0.0,0.0,0.0,0.0,1.0,0.5,0.5,0.0,0.0,0.5,0.5
0022401222,1610612766,CHA,Charlotte,1631209,Isaiah Wong,Isaiah,,,13.000000:33,0.75,0.25,0.571,0.0,0.429,0.0,0.0,0.429,0.571,1.0,0.0,0.0,1.0,0.667,0.333
0022401222,1610612766,CHA,Charlotte,203552,Seth Curry,Seth,,DNP - Coach's Decision,,,,,,,,,,,,,,,,
0022401222,1610612766,CHA,Charlotte,201959,Taj Gibson,Taj,,DNP - Coach's Decision,,,,,,,,,,,,,,,,
0022401222,1610612766,CHA,Charlotte,1629610,DaQuan Jeffries,DaQuan,,DNP - Coach's Decision,,,,,,,,,,,,,,,,
0022400010,1610612755,PHI,Philadelphia,202331,Paul George,Paul,F,,35.000000:35,0.4,0.6,0.154,0.154,0.692,0.0,0.154,0.385,0.0,0.0,1.0,0.667,0.333,0.5,0.5
0022400010,1610612755,PHI,Philadelphia,1628997,Caleb Martin,Caleb,F,,33.000000:26,0.667,0.333,0.0,0.0,1.0,0.0,0.0,0.0,0.0,0.0,0.0,1.0,0.0,1.0,0.0
0022400010,1610612755,PHI,Philadelphia,203954,Joel Embiid,Joel,C,,32.000000:44,0.667,0.333,0.5,0.2,0.0,0.1,0.5,0.2,0.3,0.4,0.6,0.0,0.0,0.4,0.6
0022400010,1610612755,PHI,Philadelphia,1642272,Jared McCain,Jared,G,,31.000000:21,0.412,0.588,0.345,0.0,0.517,0.276,0.138,0.172,0.345,0.2,0.8,0.8,0.2,0.5,0.5
0022400010,1610612755,PHI,Philadelphia,200768,Kyle Lowry,Kyle,G,,28.000000:28,0.8,0.2,1.0,0.0,0.0,0.0,0.0,0.0,1.0,1.0,0.0,0.0,0.0,1.0,0.0
0022400010,1610612755,PHI,Philadelphia,1626162,Kelly Oubre Jr.,Kelly,,,25.000000:32,0.5,0.5,0.4,0.0,0.6,0.6,0.0,0.0,0.4,1.0,0.0,1.0,0.0,1.0,0.0
0022400010,1610612755,PHI,Philadelphia,1627824,Guerschon Yabusele,Guerschon,,,24.000000:25,0.75,0.25,1.0,0.0,0.0,1.0,0.0,0.5,1.0,1.0,0.0,0.0,0.0,1.0,0.0
0022400010,1610612755,PHI,Philadelphia,1630288,Jeff Dowtin Jr.,Jeff,,,5.000000:08,0.0,0.0,0.0,0.0,0.0,0.0,1.0,0.0,0.0,0.0,0.0,0.0,0.0,0.0,0.0
0022400010,1610612755,PHI,Philadelphia,201569,Eric Gordon,Eric,,,15.000000:53,0.5,0.5,1.0,0.0,0.0,1.0,0.0,0.0,1.0,1.0,0.0,0.0,0.0,1.0,0.0
0022400010,1610612755,PHI,Philadelphia,203083,Andre Drummond,Andre,,,3.000000:49,1.0,0.0,1.0,0.0,0.0,1.0,0.0,0.0,1.0,1.0,0.0,0.0,0.0,1.0,0.0
0022400010,1610612755,PHI,Philadelphia,1630231,KJ Martin,KJ,,,1.000000:13,1.0,0.0,0.667,0.0,0.0,0.667,0.333,0.333,0.667,1.0,0.0,0.0,0.0,1.0,0.0
0022400010,1610612755,PHI,Philadelphia,1641741,Ricky Council IV,Ricky,,,1.000000:13,1.0,0.0,0.0,0.0,0.0,0.0,0.0,0.0,0.0,0.0,0.0,0.0,0.0,0.0,0.0
0022400010,1610612755,PHI,Philadelphia,1641737,Adem Bona,Adem,,,1.000000:13,0.0,0.0,0.0,0.0,0.0,0.0,0.0,0.0,0.0,0.0,0.0,0.0,0.0,0.0,0.0
0022400010,1610612755,PHI,Philadelphia,202704,Reggie Jackson,Reggie,,DNP - Coach's Decision,,,,,,,,,,,,,,,,
0022400010,1610612753,ORL,Orlando,1641783,Tristan da Silva,Tristan,F,,18.000000:24,0.4,0.6,0.667,0.0,0.0,0.333,0.333,0.333,0.667,1.0,0.0,0.0,0.0,1.0,0.0
0022400010,1610612753,ORL,Orlando,1630532,Franz Wagner,Franz,F,,40.000000:43,0.522,0.478,0.323,0.065,0.484,0.129,0.194,0.065,0.258,0.2,0.8,0.4,0.6,0.3,0.7
0022400010,1610612753,ORL,Orlando,1629048,Goga Bitadze,Goga,C,,26.000000:54,1.0,0.0,1.0,0.0,0.0,0.0,0.0,0.0,1.0,0.0,1.0,0.0,0.0,0.0,1.0
0022400010,1610612753,ORL,Orlando,203484,Kentavious Caldwell-Pope,Kentavious,G,,33.000000:25,0.333,0.667,0.25,0.0,0.75,0.0,0.0,0.75,0.25,1.0,0.0,1.0,0.0,1.0,0.0
0022400010,1610612753,ORL,Orlando,1630591,Jalen Suggs,Jalen,G,,34.000000:29,0.5,0.5,0.526,0.105,0.158,0.105,0.316,0.316,0.421,0.0,1.0,1.0,0.0,0.167,0.833
0022400010,1610612753,ORL,Orlando,1641710,Anthony Black,Anthony,,,19.000000:40,0.833,0.167,1.0,0.0,0.0,1.0,0.0,0.5,1.0,0.0,1.0,0.0,0.0,0.0,1.0
0022400010,1610612753,ORL,Orlando,1628371,Jonathan Isaac,Jonathan,,,24.000000:54,0.5,0.5,0.545,0.182,0.273,0.182,0.182,0.364,0.364,0.333,0.667,1.0,0.0,0.5,0.5
0022400010,1610612753,ORL,Orlando,203914,Gary Harris,Gary,,,13.000000:40,1.0,0.0,0.0,0.0,0.0,0.0,0.0,0.0,0.0,0.0,0.0,0.0,0.0,0.0,0.0
0022400010,1610612753,ORL,Orlando,1629021,Moritz Wagner,Moritz,,,19.000000:53,0.714,0.286,0.571,0.0,0.214,0.143,0.214,0.143,0.571,0.5,0.5,1.0,0.0,0.6,0.4
0022400010,1610612753,ORL,Orlando,1630175,Cole Anthony,Cole,,,4.000000:19,0.5,0.5,0.0,0.0,0.0,0.0,0.0,0.0,0.0,0.0,0.0,0.0,0.0,0.0,0.0
0022400010,1610612753,ORL,Orlando,1631216,Caleb Houstan,Caleb,,,1.000000:13,0.0,1.0,0.0,0.0,0.0,0.0,0.0,0.0,0.0,0.0,0.0,0.0,0.0,0.0,0.0
0022400010,1610612753,ORL,Orlando,1641724,Jett Howard,Jett,,,1.000000:13,0.0,1.0,0.0,0.0,1.0,0.0,0.0,0.0,0.0,0.0,0.0,1.0,0.0,1.0,0.0
0022400010,1610612753,ORL,Orlando,202709,Cory Joseph,Cory,,,1.000000:13,0.0,0.0,0.0,0.0,0.0,0.0,0.0,0.0,0.0,0.0,0.0,0.0,0.0,0.0,0.0
0022400627,1610612764,WAS,Washington,1642267,Bub Carrington,Bub,F,,22.000000:35,0.6,0.4,1.0,0.667,0.0,0.0,0.0,0.333,0.333,0.667,0.333,0.0,0.0,0.667,0.333
0022400627,1610612764,WAS,Washington,1641774,Tristan Vukcevic,Tristan,F,,20.000000:58,0.636,0.364,0.824,0.0,0.176,0.235,0.0,0.118,0.824,1.0,0.0,1.0,0.0,1.0,0.0
0022400627,1610612764,WAS,Washington,1642259,Alex Sarr,Alex,C,,23.000000:12,0.429,0.571,0.273,0.0,0.545,0.091,0.182,0.136,0.273,0.667,0.333,0.75,0.25,0.714,0.286
0022400627,1610612764,WAS,Washington,1642358,AJ Johnson,AJ,G,,28.000000:25,0.5,0.5,0.667,0.0,0.25,0.167,0.083,0.417,0.667,0.5,0.5,0.0,1.0,0.4,0.6
0022400627,1610612764,WAS,Washington,1629673,Jordan Poole,Jordan,G,,19.000000:35,0.182,0.818,1.0,0.0,0.0,0.0,0.0,0.0,1.0,0.0,1.0,0.0,0.0,0.0,1.0
0022400627,1610612764,WAS,Washington,1630550,JT Thor,JT,,,30.000000:25,0.625,0.375,0.75,0.0,0.0,0.0,0.25,0.0,0.75,0.667,0.333,0.0,0.0,0.667,0.333
0022400627,1610612764,WAS,Washington,1641798,Jaylen Martin,Jaylen,,,31.000000:21,0.727,0.273,0.545,0.0,0.273,0.0,0.182,0.182,0.545,0.667,0.333,1.0,0.0,0.75,0.25
0022400627,1610612764,WAS,Washington,1641732,Colby Jones,Colby,,,26.000000:18,0.636,0.364,0.417,0.0,0.5,0.292,0.083,0.667,0.417,0.4,0.6,1.0,0.0,0.667,0.333
0022400627,1610612764,WAS,Washington,1630264,Anthony Gill,Anthony,,,23.000000:32,0.5,0.5,0.4,0.0,0.3,0.0,0.3,0.0,0.4,0.5,0.5,1.0,0.0,0.667,0.333
0022400627,1610612764,WAS,Washington,203935,Marcus Smart,Marcus,,,13.000000:39,0.333,0.667,0.0,0.0,0.0,0.0,0.0,0.0,0.0,0.0,0.0,0.0,0.0,0.0,0.0
0022400627,1610612764,WAS,Washington,1630551,Justin Champagnie,Justin,,DNP - Coach's Decision,,,,,,,,,,,,,,,,
0022400627,1610612764,WAS,Washington,1626158,Richaun Holmes,Richaun,,DNP - Coach's Decision,,,,,,,,,,,,,,,,
0022400627,1610612762,UTA,Utah,1642262,Cody Williams,Cody,F,,28.000000:16,0.286,0.714,1.0,0.0,0.0,0.0,0.0,0.0,1.0,1.0,0.0,0.0,0.0,1.0,0.0
0022400627,1610612762,UTA,Utah,1642271,Kyle Filipowski,Kyle,F,,21.000000:26,0.455,0.545,0.381,0.0,0.571,0.095,0.048,0.0,0.381,0.5,0.5,1.0,0.0,0.75,0.25
0022400627,1610612762,UTA,Utah,1631117,Walker Kessler,Walker,C,,15.000000:15,0.25,0.75,0.571,0.0,0.429,0.286,0.0,0.286,0.571,0.5,0.5,1.0,0.0,0.667,0.333
0022400627,1610612762,UTA,Utah,1629012,Collin Sexton,Collin,G,,19.000000:01,0.75,0.25,0.556,0.111,0.333,0.0,0.111,0.0,0.444,0.0,1.0,1.0,0.0,0.286,0.714
0022400627,1610612762,UTA,Utah,1642268,Isaiah Collier,Isaiah,G,,27.000000:44,0.7,0.3,0.625,0.0,0.375,0.375,0.0,0.5,0.625,0.4,0.6,1.0,0.0,0.571,0.429
0022400627,1610612762,UTA,Utah,1631131,Oscar Tshiebwe,Oscar,,,18.000000:29,1.0,0.0,0.5,0.0,0.0,0.0,0.5,0.5,0.5,0.0,1.0,0.0,0.0,0.0,1.0
0022400627,1610612762,UTA,Utah,1630695,Micah Potter,Micah,,,15.000000:25,0.0,1.0,0.0,0.0,0.0,0.0,0.0,0.0,0.0,0.0,0.0,0.0,0.0,0.0,0.0
0022400627,1610612762,UTA,Utah,1641718,Keyonte George,Keyonte,,,29.000000:09,0.583,0.417,0.4,0.0,0.45,0.0,0.15,0.15,0.4,0.75,0.25,0.333,0.667,0.571,0.429
0022400627,1610612762,UTA,Utah,203903,Jordan Clarkson,Jordan,,,20.000000:16,0.636,0.364,0.571,0.143,0.214,0.0,0.214,0.214,0.429,0.25,0.75,1.0,0.0,0.4,0.6
0022400627,1610612762,UTA,Utah,1641729,Brice Sensabaugh,Brice,,,22.000000:42,0.455,0.545,0.471,0.353,0.529,0.176,0.0,0.176,0.118,0.5,0.5,1.0,0.0,0.714,0.286
0022400627,1610612762,UTA,Utah,1630548,Johnny Juzang,Johnny,,,22.000000:17,0.429,0.571,0.667,0.0,0.333,0.0,0.0,0.0,0.667,1.0,0.0,1.0,0.0,1.0,0.0
0022400627,1610612762,UTA,Utah,1641989,Elijah Harkless,Elijah,,DNP - Coach's Decision,,,,,,,,,,,,,,,,
0022401198,1610612746,LAC,LA,1626181,Norman Powell,Norman,F,,43.000000:52,0.538,0.462,0.545,0.0,0.273,0.0,0.182,0.182,0.545,1.0,0.0,0.0,1.0,0.75,0.25
0022401198,1610612746,LAC,LA,202695,Kawhi Leonard,Kawhi,F,,47.000000:25,0.6,0.4,0.545,0.182,0.364,0.061,0.091,0.0,0.364,0.333,0.667,0.75,0.25,0.462,0.538
0022401198,1610612746,LAC,LA,1627826,Ivica Zubac,Ivica,C,,42.000000:15,1.0,0.0,1.0,0.091,0.0,0.0,0.0,0.091,0.909,0.727,0.273,0.0,0.0,0.727,0.273
0022401198,1610612746,LAC,LA,1627739,Kris Dunn,Kris,G,,35.000000:22,0.25,0.75,0.182,0.0,0.818,0.0,0.0,0.545,0.182,1.0,0.0,1.0,0.0,1.0,0.0
0022401198,1610612746,LAC,LA,201935,James Harden,James,G,,48.000000:24,0.652,0.348,0.41,0.154,0.385,0.103,0.205,0.205,0.256,0.25,0.75,0.6,0.4,0.385,0.615
0022401198,1610612746,LAC,LA,1627884,Derrick Jones Jr.,Derrick,,,17.000000:44,0.667,0.333,0.667,0.0,0.0,0.0,0.333,0.0,0.667,1.0,0.0,0.0,0.0,1.0,0.0
0022401198,1610612746,LAC,LA,203992,Bogdan Bogdanović,Bogdan,,,15.000000:33,0.429,0.571,0.4,0.0,0.6,0.0,0.0,0.4,0.4,0.0,1.0,1.0,0.0,0.5,0.5
0022401198,1610612746,LAC,LA,1627732,Ben Simmons,Ben,,,10.000000:37,0.0,0.0,0.0,0.0,0.0,0.0,0.0,0.0,0.0,0.0,0.0,0.0,0.0,0.0,0.0
0022401198,1610612746,LAC,LA,1629599,Amir Coffey,Amir,,,3.000000:48,0.0,0.0,0.0,0.0,0.0,0.0,0.0,0.0,0.0,0.0,0.0,0.0,0.0,0.0,0.0
0022401198,1610612746,LAC,LA,1631116,Patrick Baldwin Jr.,Patrick,,DNP - Coach's Decision,,,,,,,,,,,,,,,,
0022401198,1610612746,LAC,LA,1641738,Kobe Brown,Kobe,,DNP - Coach's Decision,,,,,,,,,,,,,,,,
0022401198,1610612746,LAC,LA,1642353,Cam Christie,Cam,,DNP - Coach's Decision,,,,,,,,,,,,,,,,
0022401198,1610612746,LAC,LA,1629234,Drew Eubanks,Drew,,DNP - Coach's Decision,,,,,,,,,,,,,,,,
0022401198,1610612746,LAC,LA,1642280,Trentyn Flowers,Trentyn,,DNP - Coach's Decision,,,,,,,,,,,,,,,,
0022401198,1610612746,LAC,LA,1641757,Jordan Miller,Jordan,,DNP - Coach's Decision,,,,,,,,,,,,,,,,
0022401198,1610612744,GSW,Golden State,1630541,Moses Moody,Moses,F,,30.000000:30,0.75,0.25,1.0,0.0,0.0,0.5,0.0,1.0,1.0,0.0,1.0,0.0,0.0,0.0,1.0
0022401198,1610612744,GSW,Golden State,202710,Jimmy Butler III,Jimmy,F,,48.000000:02,0.9,0.1,0.8,0.067,0.0,0.267,0.2,0.367,0.733,0.667,0.333,0.0,0.0,0.667,0.333
0022401198,1610612744,GSW,Golden State,203110,Draymond Green,Draymond,C,,38.000000:29,0.333,0.667,0.143,0.0,0.857,0.0,0.0,0.214,0.143,1.0,0.0,1.0,0.0,1.0,0.0
0022401198,1610612744,GSW,Golden State,1641764,Brandin Podziemski,Brandin,G,,43.000000:04,0.636,0.364,0.526,0.211,0.316,0.105,0.158,0.158,0.316,0.6,0.4,1.0,0.0,0.714,0.286
0022401198,1610612744,GSW,Golden State,201939,Stephen Curry,Stephen,G,,37.000000:60,0.4,0.6,0.167,0.0,0.583,0.056,0.25,0.056,0.167,0.0,1.0,0.857,0.143,0.6,0.4
0022401198,1610612744,GSW,Golden State,1627741,Buddy Hield,Buddy,,,15.000000:45,0.143,0.857,0.25,0.0,0.75,0.0,0.0,0.0,0.25,1.0,0.0,1.0,0.0,1.0,0.0
0022401198,1610612744,GSW,Golden State,1626172,Kevon Looney,Kevon,,,16.000000:11,1.0,0.0,1.0,0.0,0.0,0.0,0.0,0.0,1.0,1.0,0.0,0.0,0.0,1.0,0.0
0022401198,1610612744,GSW,Golden State,1627780,Gary Payton II,Gary,,,24.000000:45,0.75,0.25,1.0,0.0,0.0,0.0,0.0,0.0,1.0,1.0,0.0,0.0,0.0,1.0,0.0
0022401198,1610612744,GSW,Golden State,1642366,Quinten Post,Quinten,,,10.000000:14,0.0,1.0,0.0,0.0,0.0,0.0,0.0,0.0,0.0,0.0,0.0,0.0,0.0,0.0,0.0
0022401198,1610612744,GSW,Golden State,1631218,Trayce Jackson-Davis,Trayce,,DNP - Coach's Decision,,,,,,,,,,,,,,,,
0022401198,1610612744,GSW,Golden State,1630296,Braxton Key,Braxton,,DNP - Coach's Decision,,,,,,,,,,,,,,,,
0022401198,1610612744,GSW,Golden State,1628995,Kevin Knox II,Kevin,,DNP - Coach's Decision,,,,,,,,,,,,,,,,
0022401198,1610612744,GSW,Golden State,1630228,Jonathan Kuminga,Jonathan,,DNP - Coach's Decision,,,,,,,,,,,,,,,,
0022401198,1610612744,GSW,Golden State,1630611,Gui Santos,Gui,,DNP - Coach's Decision,,,,,,,,,,,,,,,,
0022401198,1610612744,GSW,Golden State,1630311,Pat Spencer,Pat,,DNP - Coach's Decision,,,,,,,,,,,,,,,,
0022400300,1610612737,ATL,Atlanta,1642258,Zaccharie Risacher,Zaccharie,F,,25.000000:04,0.6,0.4,0.571,0.0,0.429,0.357,0.0,0.357,0.571,1.0,0.0,1.0,0.0,1.0,0.0
0022400300,1610612737,ATL,Atlanta,1630552,Jalen Johnson,Jalen,F,,38.000000:24,0.5,0.5,0.4,0.0,0.6,0.0,0.0,0.0,0.4,0.5,0.5,1.0,0.0,0.75,0.25
0022400300,1610612737,ATL,Atlanta,203991,Clint Capela,Clint,C,,19.000000:57,1.0,0.0,1.0,0.0,0.0,0.0,0.0,0.0,1.0,1.0,0.0,0.0,0.0,1.0,0.0
0022400300,1610612737,ATL,Atlanta,1630700,Dyson Daniels,Dyson,G,,30.000000:45,0.4,0.6,1.0,0.0,0.0,0.25,0.0,0.25,1.0,0.25,0.75,0.0,0.0,0.25,0.75
0022400300,1610612737,ATL,Atlanta,1629027,Trae Young,Trae,G,,30.000000:48,0.333,0.667,0.286,0.0,0.429,0.0,0.286,0.286,0.286,0.5,0.5,0.0,1.0,0.25,0.75
0022400300,1610612737,ATL,Atlanta,1629726,Garrison Mathews,Garrison,,,13.000000:00,0.0,1.0,0.0,0.0,0.75,0.0,0.25,0.0,0.0,0.0,0.0,1.0,0.0,1.0,0.0
0022400300,1610612737,ATL,Atlanta,1630168,Onyeka Okongwu,Onyeka,,,28.000000:03,0.8,0.2,0.625,0.0,0.0,0.0,0.375,0.0,0.625,0.8,0.2,0.0,0.0,0.8,0.2
0022400300,1610612737,ATL,Atlanta,1629631,De'Andre Hunter,De'Andre,,,24.000000:36,0.667,0.333,0.444,0.0,0.167,0.222,0.389,0.444,0.444,1.0,0.0,1.0,0.0,1.0,0.0
0022400300,1610612737,ATL,Atlanta,1641723,Kobe Bufkin,Kobe,,,17.000000:12,0.667,0.333,0.667,0.0,0.0,0.222,0.333,0.222,0.667,0.333,0.667,0.0,0.0,0.333,0.667
0022400300,1610612737,ATL,Atlanta,1630249,Vít Krejčí,Vít,,,12.000000:11,0.0,0.0,0.0,0.0,0.0,0.0,0.0,0.0,0.0,0.0,0.0,0.0,0.0,0.0,0.0
0022400300,1610612737,ATL,Atlanta,1626204,Larry Nance Jr.,Larry,,DNP - Coach's Decision,,,,,,,,,,,,,,,,
0022400300,1610612737,ATL,Atlanta,1631223,David Roddy,David,,DNP - Coach's Decision,,,,,,,,,,,,,,,,
0022400300,1610612766,CHA,Charlotte,1630182,Josh Green,Josh,F,,35.000000:41,0.417,0.583,0.235,0.0,0.706,0.059,0.059,0.176,0.235,0.5,0.5,1.0,0.0,0.833,0.167
0022400300,1610612766,CHA,Charlotte,1642275,Tidjane Salaün,Tidjane,F,,22.000000:01,0.375,0.625,0.0,0.0,0.0,0.0,0.0,0.0,0.0,0.0,0.0,0.0,0.0,0.0,0.0
0022400300,1610612766,CHA,Charlotte,1631217,Moussa Diabaté,Moussa,C,,22.000000:25,1.0,0.0,0.667,0.0,0.0,0.0,0.333,0.0,0.667,1.0,0.0,0.0,0.0,1.0,0.0
0022400300,1610612766,CHA,Charlotte,1641706,Brandon Miller,Brandon,G,,38.000000:46,0.367,0.633,0.188,0.0,0.656,0.063,0.156,0.0,0.188,0.333,0.667,0.714,0.286,0.6,0.4
0022400300,1610612766,CHA,Charlotte,203995,Vasilije Micić,Vasilije,G,,34.000000:06,0.5,0.5,0.4,0.133,0.6,0.0,0.0,0.333,0.267,0.333,0.667,0.333,0.667,0.333,0.667
0022400300,1610612766,CHA,Charlotte,1642354,KJ Simpson,KJ,,,14.000000:01,0.143,0.857,0.0,0.0,0.75,0.25,0.25,0.25,0.0,0.0,0.0,1.0,0.0,1.0,0.0
0022400300,1610612766,CHA,Charlotte,1628998,Cody Martin,Cody,,,25.000000:32,0.778,0.222,0.667,0.5,0.25,0.167,0.083,0.167,0.167,0.5,0.5,1.0,0.0,0.6,0.4
0022400300,1610612766,CHA,Charlotte,1630208,Nick Richards,Nick,,,25.000000:28,1.0,0.0,0.5,0.0,0.0,0.0,0.5,0.0,0.5,1.0,0.0,0.0,0.0,1.0,0.0
0022400300,1610612766,CHA,Charlotte,1641733,Nick Smith Jr.,Nick,,,16.000000:48,0.571,0.429,0.4,0.0,0.6,0.6,0.0,0.0,0.4,0.0,1.0,1.0,0.0,0.5,0.5
0022400300,1610612766,CHA,Charlotte,203552,Seth Curry,Seth,,,5.000000:12,1.0,0.0,0.0,0.0,0.0,0.0,0.0,0.0,0.0,0.0,0.0,0.0,0.0,0.0,0.0
0022400300,1610612766,CHA,Charlotte,201959,Taj Gibson,Taj,,DNP - Coach's Decision,,,,,,,,,,,,,,,,
0022400300,1610612766,CHA,Charlotte,1629610,DaQuan Jeffries,DaQuan,,DND - Injury/Illness,,,,,,,,,,,,,,,,
0022400632,1610612740,NOP,New Orleans,1630530,Trey Murphy III,Trey,F,,32.000000:41,0.714,0.286,0.545,0.0,0.136,0.182,0.318,0.227,0.545,0.667,0.333,1.0,0.0,0.714,0.286
0022400632,1610612740,NOP,New Orleans,1630526,Jeremiah Robinson-Earl,Jeremiah,F,,19.000000:36,0.25,0.75,0.4,0.0,0.6,0.0,0.0,0.0,0.4,0.0,1.0,1.0,0.0,0.5,0.5
0022400632,1610612740,NOP,New Orleans,1642274,Yves Missi,Yves,C,,29.000000:35,1.0,0.0,0.8,0.0,0.0,0.0,0.2,0.2,0.8,1.0,0.0,0.0,0.0,1.0,0.0
0022400632,1610612740,NOP,New Orleans,203468,CJ McCollum,CJ,G,,33.000000:58,0.545,0.455,0.273,0.091,0.409,0.0,0.318,0.136,0.182,1.0,0.0,0.667,0.333,0.833,0.167
0022400632,1610612740,NOP,New Orleans,1627749,Dejounte Murray,Dejounte,G,,31.000000:11,0.75,0.25,0.692,0.462,0.115,0.077,0.192,0.077,0.231,0.222,0.778,0.0,1.0,0.2,0.8
0022400632,1610612740,NOP,New Orleans,1629750,Javonte Green,Javonte,,,22.000000:08,0.167,0.833,0.25,0.0,0.75,0.625,0.0,0.375,0.25,1.0,0.0,1.0,0.0,1.0,0.0
0022400632,1610612740,NOP,New Orleans,1641722,Jordan Hawkins,Jordan,,,31.000000:36,0.444,0.556,0.4,0.2,0.6,0.55,0.0,0.1,0.2,0.75,0.25,1.0,0.0,0.875,0.125
0022400632,1610612740,NOP,New Orleans,1628464,Daniel Theis,Daniel,,,15.000000:46,1.0,0.0,1.0,0.0,0.0,0.0,0.0,0.0,1.0,0.5,0.5,0.0,0.0,0.5,0.5
0022400632,1610612740,NOP,New Orleans,1630631,Jose Alvarado,Jose,,,18.000000:11,0.5,0.5,0.222,0.0,0.667,0.0,0.111,0.0,0.222,1.0,0.0,0.5,0.5,0.667,0.333
0022400632,1610612740,NOP,New Orleans,1631255,Karlo Matković,Karlo,,,2.000000:39,0.0,0.0,0.0,0.0,0.0,0.0,0.0,0.0,0.0,0.0,0.0,0.0,0.0,0.0,0.0
0022400632,1610612740,NOP,New Orleans,1631288,Jamal Cain,Jamal,,,2.000000:39,0.0,0.0,0.0,0.0,0.0,0.0,0.0,0.0,0.0,0.0,0.0,0.0,0.0,0.0,0.0
0022400632,1610612740,NOP,New Orleans,1630529,Herbert Jones,Herbert,,DND - Injury/Illness,,,,,,,,,,,,,,,,
0022400632,1610612763,MEM,Memphis,1642377,Jaylen Wells,Jaylen,F,,29.000000:38,0.429,0.571,0.25,0.0,0.75,0.0,0.0,0.0,0.25,0.0,1.0,1.0,0.0,0.667,0.333
0022400632,1610612763,MEM,Memphis,1628991,Jaren Jackson Jr.,Jaren,F,,32.000000:25,0.438,0.563,0.345,0.069,0.517,0.0,0.138,0.0,0.276,0.4,0.6,1.0,0.0,0.7,0.3
0022400632,1610612763,MEM,Memphis,1641744,Zach Edey,Zach,C,,23.000000:38,0.667,0.333,0.769,0.0,0.231,0.0,0.0,0.0,0.769,0.8,0.2,1.0,0.0,0.833,0.167
0022400632,1610612763,MEM,Memphis,1630217,Desmond Bane,Desmond,G,,33.000000:55,0.611,0.389,0.7,0.1,0.3,0.3,0.0,0.4,0.6,0.429,0.571,0.5,0.5,0.444,0.556
0022400632,1610612763,MEM,Memphis,1628379,Luke Kennard,Luke,G,,26.000000:38,0.357,0.643,0.222,0.148,0.778,0.222,0.0,0.111,0.074,1.0,0.0,0.714,0.286,0.8,0.2
0022400632,1610612763,MEM,Memphis,1641713,GG Jackson,GG,,,22.000000:01,0.667,0.333,0.6,0.0,0.3,0.0,0.1,0.0,0.6,0.667,0.333,1.0,0.0,0.75,0.25
0022400632,1610612763,MEM,Memphis,1630590,Scotty Pippen Jr.,Scotty,,,25.000000:12,0.727,0.273,0.769,0.0,0.0,0.308,0.231,0.308,0.769,0.6,0.4,0.0,0.0,0.6,0.4
0022400632,1610612763,MEM,Memphis,1629634,Brandon Clarke,Brandon,,,21.000000:17,1.0,0.0,1.0,0.0,0.0,0.0,0.0,0.0,1.0,0.571,0.429,0.0,0.0,0.571,0.429
0022400632,1610612763,MEM,Memphis,1629723,John Konchar,John,,,22.000000:11,0.333,0.667,0.4,0.0,0.6,1.0,0.0,1.0,0.4,1.0,0.0,1.0,0.0,1.0,0.0
0022400632,1610612763,MEM,Memphis,1630643,Jay Huff,Jay,,,3.000000:05,0.0,1.0,0.0,0.0,0.0,0.0,0.0,0.0,0.0,0.0,0.0,0.0,0.0,0.0,0.0
0022400632,1610612763,MEM,Memphis,1631222,Jake LaRavia,Jake,,DND - Injury/Illness,,,,,,,,,,,,,,,,
0022400632,1610612763,MEM,Memphis,1631246,Vince Williams Jr.,Vince,,DND - Injury/Illness,,,,,,,,,,,,,,,,
0022401017,1610612766,CHA,Charlotte,1629610,DaQuan Jeffries,DaQuan,F,,23.000000:30,0.4,0.6,0.0,0.0,0.818,0.0,0.182,0.0,0.0,0.0,0.0,1.0,0.0,1.0,0.0
0022401017,1610612766,CHA,Charlotte,1628970,Miles Bridges,Miles,F,,25.000000:47,0.167,0.833,0.1,0.0,0.6,0.1,0.3,0.0,0.1,0.0,1.0,1.0,0.0,0.8,0.2
0022401017,1610612766,CHA,Charlotte,203994,Jusuf Nurkić,Jusuf,C,,23.000000:59,0.6,0.4,0.333,0.0,0.5,0.0,0.167,0.0,0.333,1.0,0.0,1.0,0.0,1.0,0.0
0022401017,1610612766,CHA,Charlotte,1630182,Josh Green,Josh,G,,24.000000:44,0.5,0.5,0.5,0.0,0.5,0.0,0.0,0.0,0.5,0.333,0.667,1.0,0.0,0.6,0.4
0022401017,1610612766,CHA,Charlotte,1642354,KJ Simpson,KJ,G,,32.000000:44,0.25,0.75,0.0,0.0,0.6,0.0,0.4,0.2,0.0,0.0,0.0,0.5,0.5,0.5,0.5
0022401017,1610612766,CHA,Charlotte,1631111,Wendell Moore Jr.,Wendell,,,27.000000:00,0.5,0.5,0.0,0.0,1.0,0.5,0.0,0.5,0.0,0.0,0.0,1.0,0.0,1.0,0.0
0022401017,1610612766,CHA,Charlotte,1631217,Moussa Diabaté,Moussa,,,21.000000:55,1.0,0.0,1.0,0.167,0.0,0.0,0.0,0.0,0.833,1.0,0.0,0.0,0.0,1.0,0.0
0022401017,1610612766,CHA,Charlotte,1641733,Nick Smith Jr.,Nick,,,26.000000:27,0.357,0.643,0.143,0.0,0.857,0.0,0.0,0.214,0.143,0.0,1.0,1.0,0.0,0.8,0.2
0022401017,1610612766,CHA,Charlotte,203552,Seth Curry,Seth,,,22.000000:01,0.625,0.375,0.727,0.727,0.273,0.0,0.0,0.182,0.0,0.5,0.5,1.0,0.0,0.6,0.4
0022401017,1610612766,CHA,Charlotte,201959,Taj Gibson,Taj,,,11.000000:53,1.0,0.0,1.0,0.0,0.0,0.0,0.0,0.0,1.0,0.5,0.5,0.0,0.0,0.5,0.5
0022401017,1610612766,CHA,Charlotte,1629684,Grant Williams,Grant,,DND - Injury/Illness,,,,,,,,,,,,,,,,
0022401017,1610612760,OKC,Oklahoma City,1630598,Aaron Wiggins,Aaron,F,,26.000000:45,0.333,0.667,0.182,0.0,0.818,0.0,0.0,0.273,0.182,1.0,0.0,1.0,0.0,1.0,0.0
0022401017,1610612760,OKC,Oklahoma City,1631096,Chet Holmgren,Chet,F,,27.000000:38,0.833,0.167,0.714,0.0,0.214,0.214,0.071,0.357,0.714,0.4,0.6,1.0,0.0,0.5,0.5
0022401017,1610612760,OKC,Oklahoma City,1628392,Isaiah Hartenstein,Isaiah,C,,24.000000:42,0.923,0.077,1.0,0.0,0.0,0.0,0.0,0.167,1.0,0.667,0.333,0.0,0.0,0.667,0.333
0022401017,1610612760,OKC,Oklahoma City,1641717,Cason Wallace,Cason,G,,26.000000:00,0.625,0.375,0.727,0.0,0.273,0.182,0.0,0.182,0.727,0.5,0.5,0.0,1.0,0.4,0.6
0022401017,1610612760,OKC,Oklahoma City,1628983,Shai Gilgeous-Alexander,Shai,G,,29.000000:36,0.889,0.111,0.733,0.0,0.2,0.133,0.067,0.2,0.733,0.091,0.909,0.0,1.0,0.077,0.923
0022401017,1610612760,OKC,Oklahoma City,1631119,Jaylin Williams,Jaylin,,,23.000000:18,0.286,0.714,0.143,0.0,0.643,0.143,0.214,0.143,0.143,1.0,0.0,1.0,0.0,1.0,0.0
0022401017,1610612760,OKC,Oklahoma City,1629026,Kenrich Williams,Kenrich,,,17.000000:28,0.0,1.0,0.0,0.0,0.818,0.0,0.182,0.0,0.0,0.0,0.0,1.0,0.0,1.0,0.0
0022401017,1610612760,OKC,Oklahoma City,1627936,Alex Caruso,Alex,,,14.000000:51,0.667,0.333,0.222,0.0,0.333,0.222,0.444,0.222,0.222,1.0,0.0,0.0,1.0,0.5,0.5
0022401017,1610612760,OKC,Oklahoma City,1630198,Isaiah Joe,Isaiah,,,20.000000:37,0.1,0.9,0.143,0.0,0.857,0.0,0.0,0.214,0.143,1.0,0.0,0.75,0.25,0.8,0.2
0022401017,1610612760,OKC,Oklahoma City,1641794,Dillon Jones,Dillon,,,8.000000:50,0.75,0.25,1.0,0.5,0.0,0.5,0.0,0.0,0.5,0.5,0.5,0.0,0.0,0.5,0.5
0022401017,1610612760,OKC,Oklahoma City,1641745,Adam Flagler,Adam,,,7.000000:19,0.333,0.667,0.4,0.0,0.6,0.0,0.0,0.4,0.4,0.0,1.0,0.0,1.0,0.0,1.0
0022401017,1610612760,OKC,Oklahoma City,1642382,Branden Carlson,Branden,,,6.000000:45,0.0,1.0,0.0,0.0,1.0,0.0,0.0,0.0,0.0,0.0,0.0,1.0,0.0,1.0,0.0
0022401017,1610612760,OKC,Oklahoma City,1642505,Alex Ducas,Alex,,,6.000000:11,0.0,1.0,0.0,0.0,1.0,0.0,0.0,0.0,0.0,0.0,0.0,1.0,0.0,1.0,0.0
0022400388,1610612745,HOU,Houston,1628415,Dillon Brooks,Dillon,F,,36.000000:60,0.417,0.583,0.296,0.074,0.222,0.148,0.481,0.185,0.222,0.5,0.5,1.0,0.0,0.667,0.333
0022400388,1610612745,HOU,Houston,1631095,Jabari Smith Jr.,Jabari,F,,37.000000:03,0.667,0.333,0.4,0.0,0.2,0.333,0.4,0.133,0.4,0.667,0.333,1.0,0.0,0.75,0.25
0022400388,1610612745,HOU,Houston,1630578,Alperen Sengun,Alperen,C,,32.000000:39,0.857,0.143,0.824,0.0,0.0,0.0,0.176,0.118,0.824,0.571,0.429,0.0,0.0,0.571,0.429
0022400388,1610612745,HOU,Houston,1630224,Jalen Green,Jalen,G,,33.000000:35,0.6,0.4,0.636,0.091,0.273,0.364,0.091,0.045,0.545,0.143,0.857,0.5,0.5,0.222,0.778
0022400388,1610612745,HOU,Houston,1627832,Fred VanVleet,Fred,G,,37.000000:30,0.5,0.5,1.0,0.0,0.0,0.0,0.0,0.0,1.0,0.0,1.0,0.0,0.0,0.0,1.0
0022400388,1610612745,HOU,Houston,1629111,Jock Landale,Jock,,,3.000000:22,0.0,0.0,0.0,0.0,0.0,0.0,0.0,0.0,0.0,0.0,0.0,0.0,0.0,0.0,0.0
0022400388,1610612745,HOU,Houston,1641708,Amen Thompson,Amen,,,23.000000:07,1.0,0.0,0.8,0.0,0.0,0.4,0.2,0.2,0.8,0.25,0.75,0.0,0.0,0.25,0.75
0022400388,1610612745,HOU,Houston,1641715,Cam Whitmore,Cam,,,14.000000:20,0.8,0.2,0.727,0.0,0.273,0.364,0.0,0.636,0.727,0.5,0.5,1.0,0.0,0.6,0.4
0022400388,1610612745,HOU,Houston,1642263,Reed Sheppard,Reed,,,6.000000:12,0.0,1.0,0.0,0.0,1.0,0.0,0.0,0.0,0.0,0.0,0.0,1.0,0.0,1.0,0.0
0022400388,1610612745,HOU,Houston,1630256,Jae'Sean Tate,Jae'Sean,,,15.000000:12,1.0,0.0,0.857,0.0,0.0,0.0,0.143,0.286,0.857,0.0,1.0,0.0,0.0,0.0,1.0
0022400388,1610612745,HOU,Houston,203500,Steven Adams,Steven,,DNP - Coach's Decision,,,,,,,,,,,,,,,,
0022400388,1610612745,HOU,Houston,201145,Jeff Green,Jeff,,DNP - Coach's Decision,,,,,,,,,,,,,,,,
0022400388,1610612745,HOU,Houston,1628988,Aaron Holiday,Aaron,,DNP - Coach's Decision,,,,,,,,,,,,,,,,
0022400388,1610612745,HOU,Houston,1629098,Jack McVeigh,Jack,,DNP - Coach's Decision,,,,,,,,,,,,,,,,
0022400388,1610612761,TOR,Toronto,1642266,Ja'Kobe Walter,Ja'Kobe,F,,27.000000:52,0.389,0.611,0.222,0.0,0.667,0.0,0.111,0.0,0.222,1.0,0.0,1.0,0.0,1.0,0.0
0022400388,1610612761,TOR,Toronto,1630534,Ochai Agbaji,Ochai,F,,32.000000:07,0.786,0.214,0.8,0.0,0.2,0.133,0.0,0.533,0.8,0.833,0.167,1.0,0.0,0.857,0.143
0022400388,1610612761,TOR,Toronto,1642367,Jonathan Mogbo,Jonathan,C,,16.000000:09,0.667,0.333,0.667,0.0,0.0,0.0,0.333,0.0,0.667,0.0,1.0,0.0,0.0,0.0,1.0
0022400388,1610612761,TOR,Toronto,1641711,Gradey Dick,Gradey,G,,31.000000:20,0.667,0.333,0.429,0.0,0.429,0.214,0.143,0.214,0.429,0.333,0.667,1.0,0.0,0.6,0.4
0022400388,1610612761,TOR,Toronto,1630567,Scottie Barnes,Scottie,G,,38.000000:53,0.467,0.533,0.667,0.0,0.0,0.0,0.333,0.167,0.667,0.0,1.0,0.0,0.0,0.0,1.0
0022400388,1610612761,TOR,Toronto,203482,Kelly Olynyk,Kelly,,,24.000000:56,0.5,0.5,0.25,0.0,0.75,0.25,0.0,0.625,0.25,1.0,0.0,1.0,0.0,1.0,0.0
0022400388,1610612761,TOR,Toronto,1628449,Chris Boucher,Chris,,,19.000000:12,0.545,0.455,0.533,0.0,0.4,0.533,0.067,0.533,0.533,1.0,0.0,1.0,0.0,1.0,0.0
0022400388,1610612761,TOR,Toronto,1642347,Jamal Shead,Jamal,,,32.000000:56,0.571,0.429,0.727,0.0,0.273,0.182,0.0,0.364,0.727,0.25,0.75,1.0,0.0,0.4,0.6
0022400388,1610612761,TOR,Toronto,1642419,Jamison Battle,Jamison,,,16.000000:35,0.286,0.714,0.182,0.0,0.818,0.273,0.0,0.182,0.182,1.0,0.0,1.0,0.0,1.0,0.0
0022400388,1610612761,TOR,Toronto,1629628,RJ Barrett,RJ,,NWT - Injury/Illness,,,,,,,,,,,,,,,,
0022400388,1610612761,TOR,Toronto,1642279,Ulrich Chomche,Ulrich,,DNP - Coach's Decision,,,,,,,,,,,,,,,,
0022400388,1610612761,TOR,Toronto,1628981,Bruno Fernando,Bruno,,DNP - Coach's Decision,,,,,,,,,,,,,,,,
0022400388,1610612761,TOR,Toronto,1630639,A.J. Lawson,A.J.,,DNP - Coach's Decision,,,,,,,,,,,,,,,,
0022400388,1610612761,TOR,Toronto,1630558,Davion Mitchell,Davion,,DNP - Coach's Decision,,,,,,,,,,,,,,,,
0022400388,1610612761,TOR,Toronto,202066,Garrett Temple,Garrett,,DNP - Coach's Decision,,,,,,,,,,,,,,,,
0022400463,1610612754,IND,Indiana,1631097,Bennedict Mathurin,Bennedict,F,,29.000000:38,0.583,0.417,0.667,0.167,0.25,0.417,0.083,0.5,0.5,1.0,0.0,1.0,0.0,1.0,0.0
0022400463,1610612754,IND,Indiana,1627783,Pascal Siakam,Pascal,F,,31.000000:54,0.846,0.154,0.778,0.111,0.167,0.222,0.056,0.0,0.667,0.429,0.571,1.0,0.0,0.5,0.5
0022400463,1610612754,IND,Indiana,1626167,Myles Turner,Myles,C,,34.000000:38,0.667,0.333,0.571,0.095,0.286,0.0,0.143,0.0,0.476,1.0,0.0,1.0,0.0,1.0,0.0
0022400463,1610612754,IND,Indiana,1629614,Andrew Nembhard,Andrew,G,,29.000000:07,0.714,0.286,1.0,0.0,0.0,0.667,0.0,1.0,1.0,0.667,0.333,0.0,0.0,0.667,0.333
0022400463,1610612754,IND,Indiana,1630169,Tyrese Haliburton,Tyrese,G,,34.000000:40,0.381,0.619,0.424,0.121,0.545,0.091,0.03,0.091,0.303,0.286,0.714,0.333,0.667,0.308,0.692
0022400463,1610612754,IND,Indiana,1630167,Obi Toppin,Obi,,,20.000000:19,0.556,0.444,0.5,0.0,0.5,0.0,0.0,0.167,0.5,1.0,0.0,1.0,0.0,1.0,0.0
0022400463,1610612754,IND,Indiana,1628418,Thomas Bryant,Thomas,,,7.000000:07,0.0,1.0,0.0,0.0,1.0,0.0,0.0,0.0,0.0,0.0,0.0,1.0,0.0,1.0,0.0
0022400463,1610612754,IND,Indiana,204456,T.J. McConnell,T.J.,,,18.000000:53,1.0,0.0,1.0,0.0,0.0,0.0,0.0,0.0,1.0,0.5,0.5,0.0,0.0,0.5,0.5
0022400463,1610612754,IND,Indiana,1641767,Ben Sheppard,Ben,,,19.000000:53,0.0,1.0,0.0,0.0,1.0,1.0,0.0,0.0,0.0,0.0,0.0,1.0,0.0,1.0,0.0
0022400463,1610612754,IND,Indiana,1641716,Jarace Walker,Jarace,,,13.000000:20,0.5,0.5,0.0,0.0,0.75,0.0,0.25,0.5,0.0,0.0,0.0,1.0,0.0,1.0,0.0
0022400463,1610612754,IND,Indiana,1642277,Johnny Furphy,Johnny,,,0.000000:31,0.0,0.0,0.0,0.0,0.0,0.0,0.0,0.0,0.0,0.0,0.0,0.0,0.0,0.0,0.0
0022400463,1610612754,IND,Indiana,201949,James Johnson,James,,DNP - Coach's Decision,,,,,,,,,,,,,,,,
0022400463,1610612754,IND,Indiana,1630174,Aaron Nesmith,Aaron,,DND - Injury/Illness,,,,,,,,,,,,,,,,
0022400463,1610612748,MIA,Miami,202710,Jimmy Butler III,Jimmy,F,,26.000000:31,0.667,0.333,0.444,0.0,0.333,0.222,0.222,0.0,0.444,1.0,0.0,1.0,0.0,1.0,0.0
0022400463,1610612748,MIA,Miami,1629312,Haywood Highsmith,Haywood,F,,18.000000:05,0.75,0.25,1.0,0.0,0.0,0.0,0.0,0.0,1.0,0.333,0.667,0.0,0.0,0.333,0.667
0022400463,1610612748,MIA,Miami,1628389,Bam Adebayo,Bam,C,,25.000000:09,0.917,0.083,0.8,0.1,0.0,0.0,0.2,0.1,0.7,0.5,0.5,0.0,0.0,0.5,0.5
0022400463,1610612748,MIA,Miami,1629130,Duncan Robinson,Duncan,G,,18.000000:09,0.2,0.8,0.0,0.0,1.0,0.0,0.0,0.0,0.0,0.0,0.0,1.0,0.0,1.0,0.0
0022400463,1610612748,MIA,Miami,1629639,Tyler Herro,Tyler,G,,35.000000:45,0.417,0.583,0.353,0.118,0.529,0.176,0.118,0.176,0.235,0.667,0.333,1.0,0.0,0.833,0.167
0022400463,1610612748,MIA,Miami,1626179,Terry Rozier,Terry,,,29.000000:40,0.75,0.25,0.75,0.25,0.0,0.125,0.25,0.125,0.5,0.667,0.333,0.0,0.0,0.667,0.333
0022400463,1610612748,MIA,Miami,1642276,Kel'el Ware,Kel'el,,,21.000000:27,0.636,0.364,0.48,0.0,0.36,0.2,0.16,0.08,0.48,1.0,0.0,1.0,0.0,1.0,0.0
0022400463,1610612748,MIA,Miami,1631107,Nikola Jović,Nikola,,,25.000000:06,0.714,0.286,0.75,0.0,0.0,0.0,0.25,0.0,0.75,1.0,0.0,0.0,0.0,1.0,0.0
0022400463,1610612748,MIA,Miami,1631170,Jaime Jaquez Jr.,Jaime,,,15.000000:14,1.0,0.0,0.0,0.0,0.0,0.0,0.0,0.0,0.0,0.0,0.0,0.0,0.0,0.0,0.0
0022400463,1610612748,MIA,Miami,202692,Alec Burks,Alec,,,8.000000:50,0.0,1.0,0.0,0.0,1.0,0.0,0.0,0.0,0.0,0.0,0.0,1.0,0.0,1.0,0.0
0022400463,1610612748,MIA,Miami,1642352,Keshad Johnson,Keshad,,,12.000000:00,0.5,0.5,0.4,0.0,0.6,0.0,0.0,0.0,0.4,1.0,0.0,1.0,0.0,1.0,0.0
0022400463,1610612748,MIA,Miami,1630528,Josh Christopher,Josh,,,2.000000:02,0.0,0.0,0.0,0.0,0.0,0.0,0.0,0.0,0.0,0.0,0.0,0.0,0.0,0.0,0.0
0022400463,1610612748,MIA,Miami,1641796,Pelle Larsson,Pelle,,,2.000000:02,0.0,0.0,0.0,0.0,0.0,0.0,0.0,0.0,0.0,0.0,0.0,0.0,0.0,0.0,0.0
0022400463,1610612748,MIA,Miami,201567,Kevin Love,Kevin,,DNP - Coach's Decision,,,,,,,,,,,,,,,,
0022401001,1610612740,NOP,New Orleans,1629627,Zion Williamson,Zion,F,,30.000000:16,1.0,0.0,0.828,0.0,0.0,0.172,0.172,0.379,0.828,0.25,0.75,0.0,0.0,0.25,0.75
0022401001,1610612740,NOP,New Orleans,203482,Kelly Olynyk,Kelly,F,,29.000000:53,0.875,0.125,0.769,0.308,0.231,0.0,0.0,0.0,0.462,0.6,0.4,1.0,0.0,0.667,0.333
0022401001,1610612740,NOP,New Orleans,1642274,Yves Missi,Yves,C,,26.000000:05,1.0,0.0,0.923,0.0,0.0,0.077,0.077,0.154,0.923,0.667,0.333,0.0,0.0,0.667,0.333
0022401001,1610612740,NOP,New Orleans,203468,CJ McCollum,CJ,G,,32.000000:27,0.5,0.5,0.444,0.111,0.5,0.167,0.056,0.0,0.333,0.5,0.5,0.667,0.333,0.571,0.429
0022401001,1610612740,NOP,New Orleans,1630631,Jose Alvarado,Jose,G,,25.000000:42,0.2,0.8,0.25,0.25,0.75,0.0,0.0,0.375,0.0,1.0,0.0,1.0,0.0,1.0,0.0
0022401001,1610612740,NOP,New Orleans,1628971,Bruce Brown,Bruce,,,31.000000:06,0.364,0.636,0.133,0.133,0.8,0.0,0.067,0.2,0.0,0.0,1.0,1.0,0.0,0.8,0.2
0022401001,1610612740,NOP,New Orleans,1631255,Karlo Matković,Karlo,,,19.000000:15,0.75,0.25,0.8,0.4,0.0,0.0,0.2,0.0,0.4,1.0,0.0,0.0,0.0,1.0,0.0
0022401001,1610612740,NOP,New Orleans,1641722,Jordan Hawkins,Jordan,,,22.000000:51,0.4,0.6,0.308,0.154,0.462,0.0,0.231,0.154,0.154,0.0,1.0,1.0,0.0,0.5,0.5
0022401001,1610612740,NOP,New Orleans,1630526,Jeremiah Robinson-Earl,Jeremiah,,,22.000000:25,0.8,0.2,0.4,0.0,0.6,0.0,0.0,0.0,0.4,1.0,0.0,1.0,0.0,1.0,0.0
0022401001,1610612740,NOP,New Orleans,1628964,Mo Bamba,Mo,,DNP - Coach's Decision,,,,,,,,,,,,,,,,
0022401001,1610612740,NOP,New Orleans,1631232,Keion Brooks Jr.,Keion,,DNP - Coach's Decision,,,,,,,,,,,,,,,,
0022401001,1610612740,NOP,New Orleans,1641810,Antonio Reeves,Antonio,,DNP - Coach's Decision,,,,,,,,,,,,,,,,
0022401001,1610612750,MIN,Minnesota,1630183,Jaden McDaniels,Jaden,F,,24.000000:09,0.5,0.5,0.4,0.0,0.6,0.0,0.0,0.0,0.4,0.0,1.0,1.0,0.0,0.5,0.5
0022401001,1610612750,MIN,Minnesota,203944,Julius Randle,Julius,F,,27.000000:33,0.6,0.4,0.588,0.0,0.353,0.0,0.059,0.118,0.588,0.2,0.8,1.0,0.0,0.429,0.571
0022401001,1610612750,MIN,Minnesota,203497,Rudy Gobert,Rudy,C,,31.000000:08,1.0,0.0,0.6,0.0,0.0,0.2,0.4,0.3,0.6,0.667,0.333,0.0,0.0,0.667,0.333
0022401001,1610612750,MIN,Minnesota,1630162,Anthony Edwards,Anthony,G,,37.000000:43,0.474,0.526,0.069,0.0,0.414,0.241,0.517,0.0,0.069,0.0,1.0,1.0,0.0,0.8,0.2
0022401001,1610612750,MIN,Minnesota,201144,Mike Conley,Mike,G,,28.000000:20,0.25,0.75,0.25,0.125,0.75,0.0,0.0,0.188,0.125,0.5,0.5,0.5,0.5,0.5,0.5
0022401001,1610612750,MIN,Minnesota,1629675,Naz Reid,Naz,,,33.000000:34,0.364,0.636,0.222,0.0,0.667,0.0,0.111,0.0,0.222,0.0,1.0,1.0,0.0,0.667,0.333
0022401001,1610612750,MIN,Minnesota,1628978,Donte DiVincenzo,Donte,,,23.000000:34,0.444,0.556,0.364,0.0,0.545,0.0,0.091,0.182,0.364,1.0,0.0,0.5,0.5,0.75,0.25
0022401001,1610612750,MIN,Minnesota,1629638,Nickeil Alexander-Walker,Nickeil,,,21.000000:09,0.571,0.429,0.222,0.0,0.0,0.0,0.778,0.667,0.222,1.0,0.0,0.0,0.0,1.0,0.0
0022401001,1610612750,MIN,Minnesota,1641740,Jaylen Clark,Jaylen,,,11.000000:46,0.6,0.4,0.667,0.0,0.333,0.0,0.0,0.222,0.667,0.333,0.667,1.0,0.0,0.5,0.5
0022401001,1610612750,MIN,Minnesota,1630545,Terrence Shannon Jr.,Terrence,,,1.000000:04,0.0,0.0,0.0,0.0,0.0,0.0,0.0,0.0,0.0,0.0,0.0,0.0,0.0,0.0,0.0
0022401001,1610612750,MIN,Minnesota,1642265,Rob Dillingham,Rob,,DNP - Coach's Decision,,,,,,,,,,,,,,,,
0022401001,1610612750,MIN,Minnesota,1630568,Luka Garza,Luka,,DNP - Coach's Decision,,,,,,,,,,,,,,,,
0022401001,1610612750,MIN,Minnesota,1630538,Bones Hyland,Bones,,DNP - Coach's Decision,,,,,,,,,,,,,,,,
0022401001,1610612750,MIN,Minnesota,204060,Joe Ingles,Joe,,DNP - Coach's Decision,,,,,,,,,,,,,,,,
0022401001,1610612750,MIN,Minnesota,1631169,Josh Minott,Josh,,DNP - Coach's Decision,,,,,,,,,,,,,,,,
0022400979,1610612753,ORL,Orlando,1630532,Franz Wagner,Franz,F,,35.000000:47,0.684,0.316,0.636,0.182,0.136,0.182,0.227,0.409,0.455,0.286,0.714,1.0,0.0,0.375,0.625
0022400979,1610612753,ORL,Orlando,1631094,Paolo Banchero,Paolo,F,,38.000000:05,0.636,0.364,0.25,0.083,0.375,0.333,0.375,0.0,0.167,0.333,0.667,0.0,1.0,0.167,0.833
0022400979,1610612753,ORL,Orlando,1628976,Wendell Carter Jr.,Wendell,C,,35.000000:08,0.692,0.308,0.5,0.125,0.375,0.0,0.125,0.0,0.375,0.75,0.25,1.0,0.0,0.833,0.167
0022400979,1610612753,ORL,Orlando,203484,Kentavious Caldwell-Pope,Kentavious,G,,30.000000:16,0.444,0.556,0.267,0.0,0.6,0.133,0.133,0.133,0.267,0.5,0.5,1.0,0.0,0.8,0.2
0022400979,1610612753,ORL,Orlando,202709,Cory Joseph,Cory,G,,24.000000:30,0.25,0.75,0.0,0.0,1.0,0.0,0.0,1.0,0.0,0.0,0.0,1.0,0.0,1.0,0.0
0022400979,1610612753,ORL,Orlando,1631216,Caleb Houstan,Caleb,,,6.000000:58,1.0,0.0,1.0,1.0,0.0,0.0,0.0,1.0,0.0,1.0,0.0,0.0,0.0,1.0,0.0
0022400979,1610612753,ORL,Orlando,1630175,Cole Anthony,Cole,,,6.000000:01,1.0,0.0,0.0,0.0,0.0,1.0,1.0,1.0,0.0,0.0,0.0,0.0,0.0,0.0,0.0
0022400979,1610612753,ORL,Orlando,1641710,Anthony Black,Anthony,,,22.000000:20,0.571,0.429,0.235,0.0,0.529,0.0,0.235,0.353,0.235,1.0,0.0,1.0,0.0,1.0,0.0
0022400979,1610612753,ORL,Orlando,1628371,Jonathan Isaac,Jonathan,,,6.000000:39,0.5,0.5,1.0,1.0,0.0,0.0,0.0,0.0,0.0,1.0,0.0,0.0,0.0,1.0,0.0
0022400979,1610612753,ORL,Orlando,1641783,Tristan da Silva,Tristan,,,8.000000:01,0.5,0.5,0.0,0.0,0.0,0.0,0.0,0.0,0.0,0.0,0.0,0.0,0.0,0.0,0.0
0022400979,1610612753,ORL,Orlando,203914,Gary Harris,Gary,,,20.000000:03,1.0,0.0,1.0,0.0,0.0,0.0,0.0,1.0,1.0,0.0,1.0,0.0,0.0,0.0,1.0
0022400979,1610612753,ORL,Orlando,1629048,Goga Bitadze,Goga,,,6.000000:13,0.0,0.0,0.0,0.0,0.0,0.0,1.0,0.0,0.0,0.0,0.0,0.0,0.0,0.0,0.0
0022400979,1610612753,ORL,Orlando,1641724,Jett Howard,Jett,,DNP - Coach's Decision,,,,,,,,,,,,,,,,
0022400979,1610612739,CLE,Cleveland,1629622,Max Strus,Max,F,,27.000000:13,0.5,0.5,0.6,0.0,0.3,0.0,0.1,0.0,0.6,0.667,0.333,1.0,0.0,0.75,0.25
0022400979,1610612739,CLE,Cleveland,1629631,De'Andre Hunter,De'Andre,F,,29.000000:11,0.545,0.455,0.222,0.0,0.333,0.0,0.444,0.556,0.222,1.0,0.0,1.0,0.0,1.0,0.0
0022400979,1610612739,CLE,Cleveland,1628386,Jarrett Allen,Jarrett,C,,32.000000:20,1.0,0.0,0.8,0.0,0.0,0.0,0.2,0.15,0.8,1.0,0.0,0.0,0.0,1.0,0.0
0022400979,1610612739,CLE,Cleveland,1628378,Donovan Mitchell,Donovan,G,,34.000000:13,0.5,0.5,0.522,0.087,0.391,0.087,0.087,0.304,0.435,0.0,1.0,0.333,0.667,0.111,0.889
0022400979,1610612739,CLE,Cleveland,1629636,Darius Garland,Darius,G,,33.000000:05,0.688,0.313,0.632,0.211,0.316,0.0,0.053,0.211,0.421,0.0,1.0,0.0,1.0,0.0,1.0
0022400979,1610612739,CLE,Cleveland,1629660,Ty Jerome,Ty,,,24.000000:41,0.778,0.222,0.667,0.167,0.25,0.0,0.083,0.0,0.5,0.5,0.5,1.0,0.0,0.6,0.4
0022400979,1610612739,CLE,Cleveland,1629731,Dean Wade,Dean,,,21.000000:55,0.0,1.0,0.0,0.0,1.0,0.0,0.0,0.0,0.0,0.0,0.0,1.0,0.0,1.0,0.0
0022400979,1610612739,CLE,Cleveland,1630241,Sam Merrill,Sam,,,18.000000:49,0.125,0.875,0.4,0.0,0.6,0.0,0.0,1.0,0.4,1.0,0.0,1.0,0.0,1.0,0.0
0022400979,1610612739,CLE,Cleveland,202684,Tristan Thompson,Tristan,,,10.000000:41,1.0,0.0,0.0,0.0,0.0,0.0,0.0,0.0,0.0,0.0,0.0,0.0,0.0,0.0,0.0
0022400979,1610612739,CLE,Cleveland,1630171,Isaac Okoro,Isaac,,,7.000000:53,0.5,0.5,1.0,0.0,0.0,1.0,0.0,0.0,1.0,1.0,0.0,0.0,0.0,1.0,0.0
0022400979,1610612739,CLE,Cleveland,1629750,Javonte Green,Javonte,,DNP - Coach's Decision,,,,,,,,,,,,,,,,
0022400979,1610612739,CLE,Cleveland,1641854,Craig Porter Jr.,Craig,,DNP - Coach's Decision,,,,,,,,,,,,,,,,
0022400979,1610612739,CLE,Cleveland,1642281,Jaylon Tyson,Jaylon,,DNP - Coach's Decision,,,,,,,,,,,,,,,,
0022400401,1610612757,POR,Portland,203924,Jerami Grant,Jerami,F,,20.000000:01,0.429,0.571,0.0,0.0,1.0,0.0,0.0,0.0,0.0,0.0,0.0,1.0,0.0,1.0,0.0
0022400401,1610612757,POR,Portland,1641739,Toumani Camara,Toumani,F,,29.000000:43,0.167,0.833,0.4,0.0,0.6,0.0,0.0,0.0,0.4,1.0,0.0,1.0,0.0,1.0,0.0
0022400401,1610612757,POR,Portland,1629028,Deandre Ayton,Deandre,C,,25.000000:43,1.0,0.0,1.0,0.375,0.0,0.0,0.0,0.0,0.625,0.5,0.5,0.0,0.0,0.5,0.5
0022400401,1610612757,POR,Portland,1631101,Shaedon Sharpe,Shaedon,G,,24.000000:13,0.714,0.286,0.769,0.308,0.231,0.308,0.0,0.308,0.462,0.4,0.6,1.0,0.0,0.5,0.5
0022400401,1610612757,POR,Portland,1629014,Anfernee Simons,Anfernee,G,,28.000000:53,0.75,0.25,1.0,0.0,0.0,0.2,0.0,0.2,1.0,0.2,0.8,0.0,0.0,0.2,0.8
0022400401,1610612757,POR,Portland,1630703,Scoot Henderson,Scoot,,,26.000000:04,0.727,0.273,0.286,0.0,0.429,0.143,0.286,0.0,0.286,0.0,1.0,0.5,0.5,0.25,0.75
0022400401,1610612757,POR,Portland,1630166,Deni Avdija,Deni,,,22.000000:57,0.636,0.364,0.421,0.0,0.316,0.158,0.263,0.263,0.421,0.25,0.75,1.0,0.0,0.5,0.5
0022400401,1610612757,POR,Portland,1642270,Donovan Clingan,Donovan,,,15.000000:18,0.8,0.2,1.0,0.0,0.0,0.0,0.0,0.5,1.0,1.0,0.0,0.0,0.0,1.0,0.0
0022400401,1610612757,POR,Portland,1630625,Dalano Banton,Dalano,,,12.000000:48,0.333,0.667,0.667,0.0,0.0,0.0,0.333,0.0,0.667,0.0,1.0,0.0,0.0,0.0,1.0
0022400401,1610612757,POR,Portland,1631200,Kris Murray,Kris,,,18.000000:24,0.75,0.25,1.0,0.0,0.0,0.0,0.0,0.0,1.0,1.0,0.0,0.0,0.0,1.0,0.0
0022400401,1610612757,POR,Portland,1631133,Jabari Walker,Jabari,,,7.000000:58,0.857,0.143,0.769,0.0,0.231,0.0,0.0,0.154,0.769,0.6,0.4,1.0,0.0,0.667,0.333
0022400401,1610612757,POR,Portland,1641712,Rayan Rupert,Rayan,,,7.000000:58,0.5,0.5,0.333,0.0,0.0,1.0,0.667,0.0,0.333,1.0,0.0,0.0,0.0,1.0,0.0
0022400401,1610612757,POR,Portland,1641871,Duop Reath,Duop,,DNP - Coach's Decision,,,,,,,,,,,,,,,,
0022400401,1610612757,POR,Portland,1629680,Matisse Thybulle,Matisse,,DND - Injury/Illness,,,,,,,,,,,,,,,,
0022400401,1610612757,POR,Portland,1629057,Robert Williams III,Robert,,DND - Injury/Illness,,,,,,,,,,,,,,,,
0022400401,1610612742,DAL,Dallas,202691,Klay Thompson,Klay,F,,18.000000:17,0.2,0.8,0.308,0.0,0.692,0.385,0.0,0.154,0.308,1.0,0.0,1.0,0.0,1.0,0.0
0022400401,1610612742,DAL,Dallas,1629023,P.J. Washington,P.J.,F,,23.000000:32,0.625,0.375,0.5,0.0,0.5,0.417,0.0,0.417,0.5,0.333,0.667,1.0,0.0,0.6,0.4
0022400401,1610612742,DAL,Dallas,1641726,Dereck Lively II,Dereck,C,,16.000000:03,1.0,0.0,1.0,0.0,0.0,0.0,0.0,0.0,1.0,1.0,0.0,0.0,0.0,1.0,0.0
0022400401,1610612742,DAL,Dallas,202681,Kyrie Irving,Kyrie,G,,29.000000:10,0.571,0.429,0.5,0.0,0.3,0.35,0.2,0.2,0.5,0.2,0.8,1.0,0.0,0.429,0.571
0022400401,1610612742,DAL,Dallas,1629029,Luka Dončić,Luka,G,,29.000000:47,0.632,0.368,0.667,0.148,0.111,0.0,0.222,0.074,0.519,0.111,0.889,0.0,1.0,0.1,0.9
0022400401,1610612742,DAL,Dallas,1629656,Quentin Grimes,Quentin,,,17.000000:07,0.667,0.333,0.8,0.8,0.0,0.0,0.2,0.0,0.0,0.5,0.5,0.0,0.0,0.5,0.5
0022400401,1610612742,DAL,Dallas,1628467,Maxi Kleber,Maxi,,,16.000000:01,0.0,1.0,0.0,0.0,1.0,0.0,0.0,0.0,0.0,0.0,0.0,1.0,0.0,1.0,0.0
0022400401,1610612742,DAL,Dallas,203915,Spencer Dinwiddie,Spencer,,,14.000000:06,0.5,0.5,0.0,0.0,1.0,0.0,0.0,1.0,0.0,0.0,0.0,1.0,0.0,1.0,0.0
0022400401,1610612742,DAL,Dallas,1629655,Daniel Gafford,Daniel,,,20.000000:51,1.0,0.0,0.609,0.0,0.0,0.0,0.391,0.261,0.609,0.857,0.143,0.0,0.0,0.857,0.143
0022400401,1610612742,DAL,Dallas,1630230,Naji Marshall,Naji,,,15.000000:36,0.833,0.167,1.0,0.0,0.0,0.0,0.0,0.0,1.0,0.5,0.5,0.0,0.0,0.5,0.5
0022400401,1610612742,DAL,Dallas,1641765,Olivier-Maxence Prosper,Olivier-Maxence,,,10.000000:30,0.75,0.25,0.5,0.0,0.0,0.0,0.5,0.25,0.5,0.0,1.0,0.0,0.0,0.0,1.0
0022400401,1610612742,DAL,Dallas,203939,Dwight Powell,Dwight,,,10.000000:30,0.667,0.333,0.571,0.0,0.429,0.0,0.0,0.714,0.571,1.0,0.0,1.0,0.0,1.0,0.0
0022400401,1610612742,DAL,Dallas,1630556,Kessler Edwards,Kessler,,,9.000000:15,0.667,0.333,0.0,0.0,0.0,0.0,0.0,0.0,0.0,0.0,0.0,0.0,0.0,0.0,0.0
0022400401,1610612742,DAL,Dallas,1641789,Jazian Gortman,Jazian,,,9.000000:15,0.25,0.75,0.0,0.0,1.0,0.0,0.0,0.0,0.0,0.0,0.0,0.0,1.0,0.0,1.0
0022400401,1610612742,DAL,Dallas,202693,Markieff Morris,Markieff,,DNP - Coach's Decision,,,,,,,,,,,,,,,,
0022400478,1610612755,PHI,Philadelphia,1628997,Caleb Martin,Caleb,F,,24.000000:51,0.625,0.375,0.588,0.118,0.353,0.294,0.059,0.412,0.471,0.6,0.4,1.0,0.0,0.714,0.286
0022400478,1610612755,PHI,Philadelphia,1627824,Guerschon Yabusele,Guerschon,F,,25.000000:33,0.25,0.75,0.667,0.0,0.0,1.0,0.333,1.0,0.667,1.0,0.0,0.0,0.0,1.0,0.0
0022400478,1610612755,PHI,Philadelphia,203954,Joel Embiid,Joel,C,,28.000000:58,0.813,0.188,0.429,0.0,0.214,0.0,0.357,0.179,0.429,0.5,0.5,1.0,0.0,0.625,0.375
0022400478,1610612755,PHI,Philadelphia,202331,Paul George,Paul,G,,28.000000:58,0.357,0.643,0.353,0.353,0.529,0.0,0.118,0.471,0.0,0.667,0.333,0.667,0.333,0.667,0.333
0022400478,1610612755,PHI,Philadelphia,1630178,Tyrese Maxey,Tyrese,G,,31.000000:48,0.5,0.5,0.333,0.0,0.333,0.0,0.333,0.167,0.333,0.667,0.333,1.0,0.0,0.8,0.2
0022400478,1610612755,PHI,Philadelphia,200768,Kyle Lowry,Kyle,,,24.000000:07,0.5,0.5,0.4,0.4,0.6,0.0,0.0,0.6,0.0,1.0,0.0,1.0,0.0,1.0,0.0
0022400478,1610612755,PHI,Philadelphia,202704,Reggie Jackson,Reggie,,,22.000000:06,0.333,0.667,0.25,0.0,0.75,0.375,0.0,0.375,0.25,1.0,0.0,0.5,0.5,0.667,0.333
0022400478,1610612755,PHI,Philadelphia,1642348,Justin Edwards,Justin,,,22.000000:52,0.143,0.857,0.182,0.0,0.818,0.0,0.0,0.0,0.182,1.0,0.0,1.0,0.0,1.0,0.0
0022400478,1610612755,PHI,Philadelphia,203083,Andre Drummond,Andre,,,8.000000:09,0.75,0.25,0.667,0.0,0.0,0.0,0.333,0.0,0.667,1.0,0.0,0.0,0.0,1.0,0.0
0022400478,1610612755,PHI,Philadelphia,201569,Eric Gordon,Eric,,,6.000000:57,0.0,1.0,0.0,0.0,0.0,0.0,0.0,0.0,0.0,0.0,0.0,0.0,0.0,0.0,0.0
0022400478,1610612755,PHI,Philadelphia,1641741,Ricky Council IV,Ricky,,,8.000000:51,0.667,0.333,1.0,0.0,0.0,0.0,0.0,0.0,1.0,0.0,1.0,0.0,0.0,0.0,1.0
0022400478,1610612755,PHI,Philadelphia,1641737,Adem Bona,Adem,,,6.000000:50,1.0,0.0,0.667,0.0,0.0,0.333,0.333,0.0,0.667,1.0,0.0,0.0,0.0,1.0,0.0
0022400478,1610612751,BKN,Brooklyn,1630533,Ziaire Williams,Ziaire,F,,21.000000:37,0.25,0.75,0.211,0.0,0.632,0.316,0.158,0.368,0.211,1.0,0.0,1.0,0.0,1.0,0.0
0022400478,1610612751,BKN,Brooklyn,1630592,Jalen Wilson,Jalen,F,,33.000000:02,0.273,0.727,0.182,0.0,0.818,0.0,0.0,0.273,0.182,0.0,1.0,1.0,0.0,0.75,0.25
0022400478,1610612751,BKN,Brooklyn,1629651,Nic Claxton,Nic,C,,23.000000:24,0.875,0.125,1.0,0.0,0.0,0.2,0.0,0.2,1.0,1.0,0.0,0.0,0.0,1.0,0.0
0022400478,1610612751,BKN,Brooklyn,1630553,Keon Johnson,Keon,G,,36.000000:21,0.643,0.357,0.4,0.0,0.4,0.0,0.2,0.4,0.4,0.0,1.0,1.0,0.0,0.4,0.6
0022400478,1610612751,BKN,Brooklyn,1626156,D'Angelo Russell,D'Angelo,G,,14.000000:08,0.5,0.5,0.0,0.0,0.6,0.0,0.4,0.0,0.0,0.0,0.0,0.0,1.0,0.0,1.0
0022400478,1610612751,BKN,Brooklyn,1641730,Noah Clowney,Noah,,,18.000000:36,0.0,1.0,0.0,0.0,1.0,0.0,0.0,0.0,0.0,0.0,0.0,0.0,1.0,0.0,1.0
0022400478,1610612751,BKN,Brooklyn,1641787,Tosan Evbuomwan,Tosan,,,20.000000:42,0.0,1.0,0.0,0.0,1.0,0.0,0.0,0.0,0.0,0.0,0.0,1.0,0.0,1.0,0.0
0022400478,1610612751,BKN,Brooklyn,1631213,Tyrese Martin,Tyrese,,,29.000000:14,0.611,0.389,0.625,0.0,0.188,0.063,0.188,0.125,0.625,0.4,0.6,1.0,0.0,0.5,0.5
0022400478,1610612751,BKN,Brooklyn,1630549,Day'Ron Sharpe,Day'Ron,,,25.000000:02,0.5,0.5,0.4,0.0,0.6,0.0,0.0,0.6,0.4,0.0,1.0,1.0,0.0,0.5,0.5
0022400478,1610612751,BKN,Brooklyn,1641736,Reece Beekman,Reece,,,17.000000:55,0.75,0.25,0.857,0.0,0.0,0.429,0.143,0.286,0.857,0.333,0.667,0.0,0.0,0.333,0.667
0022400478,1610612751,BKN,Brooklyn,1627732,Ben Simmons,Ben,,DND - Injury/Illness,,,,,,,,,,,,,,,,
0022400478,1610612751,BKN,Brooklyn,1630570,Trendon Watford,Trendon,,DND - Injury/Illness,,,,,,,,,,,,,,,,
0042400121,1610612765,DET,Detroit,202699,Tobias Harris,Tobias,F,,39.000000:47,0.615,0.385,0.32,0.08,0.48,0.24,0.2,0.0,0.24,0.5,0.5,1.0,0.0,0.75,0.25
0042400121,1610612765,DET,Detroit,1641709,Ausar Thompson,Ausar,F,,22.000000:51,1.0,0.0,0.8,0.0,0.0,0.2,0.2,0.2,0.8,1.0,0.0,0.0,0.0,1.0,0.0
0042400121,1610612765,DET,Detroit,1631105,Jalen Duren,Jalen,C,,24.000000:44,1.0,0.0,0.857,0.0,0.0,0.0,0.143,0.0,0.857,0.333,0.667,0.0,0.0,0.333,0.667
0042400121,1610612765,DET,Detroit,1630595,Cade Cunningham,Cade,G,,39.000000:06,0.81,0.19,0.667,0.0,0.143,0.19,0.19,0.238,0.667,0.0,1.0,0.0,1.0,0.0,1.0
0042400121,1610612765,DET,Detroit,203501,Tim Hardaway Jr.,Tim,G,,27.000000:38,0.385,0.615,0.421,0.105,0.474,0.105,0.105,0.105,0.316,0.75,0.25,1.0,0.0,0.857,0.143
0042400121,1610612765,DET,Detroit,1627736,Malik Beasley,Malik,,,34.000000:56,0.25,0.75,0.1,0.0,0.9,0.4,0.0,0.3,0.1,0.0,1.0,1.0,0.0,0.857,0.143
0042400121,1610612765,DET,Detroit,1630191,Isaiah Stewart,Isaiah,,,18.000000:52,1.0,0.0,1.0,0.0,0.0,0.0,0.0,0.0,1.0,0.0,1.0,0.0,0.0,0.0,1.0
0042400121,1610612765,DET,Detroit,203471,Dennis Schröder,Dennis,,,25.000000:58,0.75,0.25,0.5,0.25,0.375,0.0,0.125,0.25,0.25,0.0,1.0,0.0,1.0,0.0,1.0
0042400121,1610612765,DET,Detroit,1641842,Ronald Holland II,Ronald,,,6.000000:08,0.0,1.0,0.0,0.0,0.0,0.0,0.0,0.0,0.0,0.0,0.0,0.0,0.0,0.0,0.0
0042400121,1610612765,DET,Detroit,1631323,Simone Fontecchio,Simone,,DNP - Coach's Decision,,,,,,,,,,,,,,,,
0042400121,1610612765,DET,Detroit,1641752,Bobi Klintman,Bobi,,DNP - Coach's Decision,,,,,,,,,,,,,,,,
0042400121,1610612765,DET,Detroit,1630194,Paul Reed,Paul,,DNP - Coach's Decision,,,,,,,,,,,,,,,,
0042400121,1610612765,DET,Detroit,1631204,Marcus Sasser,Marcus,,DNP - Coach's Decision,,,,,,,,,,,,,,,,
0042400121,1610612765,DET,Detroit,1630322,Lindy Waters III,Lindy,,DNP - Coach's Decision,,,,,,,,,,,,,,,,
0042400121,1610612752,NYK,New York,1628384,OG Anunoby,OG,F,,44.000000:07,0.556,0.444,0.435,0.174,0.391,0.217,0.174,0.261,0.261,0.4,0.6,1.0,0.0,0.625,0.375
0042400121,1610612752,NYK,New York,1628404,Josh Hart,Josh,F,,29.000000:33,0.9,0.1,0.769,0.0,0.231,0.308,0.0,0.0,0.769,1.0,0.0,0.0,1.0,0.833,0.167
0042400121,1610612752,NYK,New York,1626157,Karl-Anthony Towns,Karl-Anthony,C,,39.000000:12,0.786,0.214,0.783,0.261,0.13,0.087,0.087,0.391,0.522,0.444,0.556,1.0,0.0,0.5,0.5
0042400121,1610612752,NYK,New York,1628969,Mikal Bridges,Mikal,G,,28.000000:44,0.778,0.222,1.0,0.5,0.0,0.25,0.0,0.25,0.5,0.5,0.5,0.0,0.0,0.5,0.5
0042400121,1610612752,NYK,New York,1628973,Jalen Brunson,Jalen,G,,40.000000:28,0.815,0.185,0.588,0.059,0.176,0.176,0.235,0.235,0.529,0.3,0.7,1.0,0.0,0.417,0.583
0042400121,1610612752,NYK,New York,1629013,Landry Shamet,Landry,,,10.000000:13,1.0,0.0,1.0,0.0,0.0,0.0,0.0,0.0,1.0,1.0,0.0,0.0,0.0,1.0,0.0
0042400121,1610612752,NYK,New York,1629011,Mitchell Robinson,Mitchell,,,17.000000:53,1.0,0.0,1.0,0.0,0.0,0.0,0.0,0.0,1.0,0.0,1.0,0.0,0.0,0.0,1.0
0042400121,1610612752,NYK,New York,1630540,Miles McBride,Miles,,,15.000000:12,0.333,0.667,0.0,0.0,0.0,0.0,0.0,0.0,0.0,0.0,0.0,0.0,0.0,0.0,0.0
0042400121,1610612752,NYK,New York,1626166,Cameron Payne,Cameron,,,14.000000:40,0.286,0.714,0.286,0.0,0.643,0.0,0.071,0.0,0.286,0.0,1.0,1.0,0.0,0.6,0.4
0042400121,1610612752,NYK,New York,1630173,Precious Achiuwa,Precious,,DNP - Coach's Decision,,,,,,,,,,,,,,,,
0042400121,1610612752,NYK,New York,1642359,Pacôme Dadiet,Pacôme,,DNP - Coach's Decision,,,,,,,,,,,,,,,,
0042400121,1610612752,NYK,New York,1630574,Ariel Hukporti,Ariel,,DNP - Coach's Decision,,,,,,,,,,,,,,,,
0042400121,1610612752,NYK,New York,1642278,Tyler Kolek,Tyler,,DNP - Coach's Decision,,,,,,,,,,,,,,,,
0042400121,1610612752,NYK,New York,200782,P.J. Tucker,P.J.,,DNP - Coach's Decision,,,,,,,,,,,,,,,,
0042400121,1610612752,NYK,New York,1626153,Delon Wright,Delon,,DNP - Coach's Decision,,,,,,,,,,,,,,,,
0022401177,1610612748,MIA,Miami,203952,Andrew Wiggins,Andrew,F,,24.000000:21,0.692,0.308,0.8,0.0,0.0,0.2,0.2,0.2,0.8,0.0,1.0,0.0,0.0,0.0,1.0
0022401177,1610612748,MIA,Miami,1628389,Bam Adebayo,Bam,F,,21.000000:41,0.5,0.5,0.348,0.087,0.522,0.0,0.13,0.13,0.261,0.5,0.5,1.0,0.0,0.75,0.25
0022401177,1610612748,MIA,Miami,1642276,Kel'el Ware,Kel'el,C,,26.000000:24,0.9,0.1,1.0,0.0,0.0,0.0,0.0,0.0,1.0,0.8,0.2,0.0,0.0,0.8,0.2
0022401177,1610612748,MIA,Miami,1629639,Tyler Herro,Tyler,G,,21.000000:34,0.7,0.3,0.455,0.0,0.273,0.409,0.273,0.136,0.455,0.4,0.6,1.0,0.0,0.571,0.429
0022401177,1610612748,MIA,Miami,202692,Alec Burks,Alec,G,,21.000000:41,0.0,1.0,0.0,0.0,1.0,0.25,0.0,0.0,0.0,0.0,0.0,1.0,0.0,1.0,0.0
0022401177,1610612748,MIA,Miami,1630558,Davion Mitchell,Davion,,,22.000000:06,0.5,0.5,0.545,0.0,0.273,0.0,0.182,0.0,0.545,0.0,1.0,1.0,0.0,0.25,0.75
0022401177,1610612748,MIA,Miami,1629312,Haywood Highsmith,Haywood,,,19.000000:53,0.375,0.625,0.4,0.0,0.6,0.2,0.0,0.2,0.4,0.5,0.5,1.0,0.0,0.75,0.25
0022401177,1610612748,MIA,Miami,1629130,Duncan Robinson,Duncan,,,19.000000:21,0.077,0.923,0.095,0.0,0.857,0.238,0.048,0.286,0.095,0.0,1.0,1.0,0.0,0.857,0.143
0022401177,1610612748,MIA,Miami,203937,Kyle Anderson,Kyle,,,23.000000:14,1.0,0.0,0.889,0.444,0.0,0.0,0.111,0.0,0.444,0.25,0.75,0.0,0.0,0.25,0.75
0022401177,1610612748,MIA,Miami,1631170,Jaime Jaquez Jr.,Jaime,,,13.000000:49,0.833,0.167,0.727,0.0,0.273,0.182,0.0,0.0,0.727,0.5,0.5,1.0,0.0,0.6,0.4
0022401177,1610612748,MIA,Miami,1626179,Terry Rozier,Terry,,,12.000000:00,0.333,0.667,1.0,0.0,0.0,0.0,0.0,1.0,1.0,1.0,0.0,0.0,0.0,1.0,0.0
0022401177,1610612748,MIA,Miami,1642352,Keshad Johnson,Keshad,,,6.000000:58,1.0,0.0,0.8,0.0,0.0,0.4,0.2,0.2,0.8,0.5,0.5,0.0,0.0,0.5,0.5
0022401177,1610612748,MIA,Miami,1630528,Josh Christopher,Josh,,,6.000000:58,0.75,0.25,1.0,0.0,0.0,1.0,0.0,0.0,1.0,1.0,0.0,0.0,0.0,1.0,0.0
0022401177,1610612748,MIA,Miami,1641796,Pelle Larsson,Pelle,,DND - Injury/Illness,,,,,,,,,,,,,,,,
0022401177,1610612748,MIA,Miami,1641815,Isaiah Stevens,Isaiah,,DND - Injury/Illness,,,,,,,,,,,,,,,,
0022401177,1610612740,NOP,New Orleans,1631232,Keion Brooks Jr.,Keion,F,,36.000000:22,0.688,0.313,0.571,0.0,0.214,0.143,0.214,0.286,0.571,0.5,0.5,1.0,0.0,0.6,0.4
0022401177,1610612740,NOP,New Orleans,1630526,Jeremiah Robinson-Earl,Jeremiah,F,,32.000000:59,0.583,0.417,0.571,0.0,0.429,0.0,0.0,0.0,0.571,1.0,0.0,1.0,0.0,1.0,0.0
0022401177,1610612740,NOP,New Orleans,1630283,Kylor Kelley,Kylor,C,,20.000000:34,1.0,0.0,0.8,0.0,0.0,0.0,0.2,0.4,0.8,1.0,0.0,0.0,0.0,1.0,0.0
0022401177,1610612740,NOP,New Orleans,203901,Elfrid Payton,Elfrid,G,,29.000000:17,1.0,0.0,1.0,0.0,0.0,0.0,0.0,0.0,1.0,0.5,0.5,0.0,0.0,0.5,0.5
0022401177,1610612740,NOP,New Orleans,1630631,Jose Alvarado,Jose,G,,22.000000:41,0.357,0.643,0.286,0.0,0.643,0.429,0.071,0.214,0.286,0.0,1.0,0.333,0.667,0.2,0.8
0022401177,1610612740,NOP,New Orleans,1631288,Jamal Cain,Jamal,,,34.000000:59,0.563,0.438,0.32,0.0,0.48,0.28,0.2,0.0,0.32,0.75,0.25,0.75,0.25,0.75,0.25
0022401177,1610612740,NOP,New Orleans,1641810,Antonio Reeves,Antonio,,,34.000000:20,0.643,0.357,0.526,0.105,0.316,0.211,0.158,0.0,0.421,0.8,0.2,1.0,0.0,0.857,0.143
0022401177,1610612740,NOP,New Orleans,1631311,Lester Quinones,Lester,,,28.000000:49,0.333,0.667,0.222,0.0,0.667,0.0,0.111,0.111,0.222,0.0,1.0,1.0,0.0,0.667,0.333
0022401177,1610612740,NOP,New Orleans,1628971,Bruce Brown,Bruce,,DND - Injury/Illness,,,,,,,,,,,,,,,,
0022401177,1610612740,NOP,New Orleans,1631255,Karlo Matković,Karlo,,DND - Injury/Illness,,,,,,,,,,,,,,,,
0022401177,1610612740,NOP,New Orleans,1642274,Yves Missi,Yves,,DND - Injury/Illness,,,,,,,,,,,,,,,,
0022400289,1610612741,CHI,Chicago,203897,Zach LaVine,Zach,F,,31.000000:03,0.444,0.556,0.5,0.25,0.375,0.0,0.125,0.0,0.25,0.5,0.5,0.0,1.0,0.333,0.667
0022400289,1610612741,CHI,Chicago,1630245,Ayo Dosunmu,Ayo,F,,30.000000:41,0.75,0.25,0.857,0.0,0.143,0.286,0.0,0.286,0.857,0.667,0.333,1.0,0.0,0.7,0.3
0022400289,1610612741,CHI,Chicago,202696,Nikola Vučević,Nikola,C,,30.000000:08,0.7,0.3,0.632,0.0,0.316,0.0,0.053,0.0,0.632,1.0,0.0,1.0,0.0,1.0,0.0
0022400289,1610612741,CHI,Chicago,1629632,Coby White,Coby,G,,25.000000:59,0.3,0.7,0.222,0.0,0.667,0.0,0.111,0.0,0.222,1.0,0.0,0.0,1.0,0.333,0.667
0022400289,1610612741,CHI,Chicago,1630581,Josh Giddey,Josh,G,,23.000000:19,0.5,0.5,0.462,0.0,0.462,0.615,0.077,0.0,0.462,0.667,0.333,1.0,0.0,0.8,0.2
0022400289,1610612741,CHI,Chicago,1628366,Lonzo Ball,Lonzo,,,14.000000:43,0.0,1.0,0.0,0.0,1.0,0.5,0.0,0.0,0.0,0.0,0.0,0.0,1.0,0.0,1.0
0022400289,1610612741,CHI,Chicago,1641824,Matas Buzelis,Matas,,,25.000000:16,0.286,0.714,0.286,0.0,0.429,0.429,0.286,0.429,0.286,1.0,0.0,1.0,0.0,1.0,0.0
0022400289,1610612741,CHI,Chicago,1630604,E.J. Liddell,E.J.,,,17.000000:12,0.333,0.667,0.4,0.0,0.6,0.0,0.0,0.0,0.4,1.0,0.0,1.0,0.0,1.0,0.0
0022400289,1610612741,CHI,Chicago,1631207,Dalen Terry,Dalen,,,1.000000:42,0.0,0.0,0.0,0.0,0.0,0.0,0.0,0.0,0.0,0.0,0.0,0.0,0.0,0.0,0.0
0022400289,1610612741,CHI,Chicago,1641763,Julian Phillips,Julian,,,17.000000:20,0.5,0.5,0.5,0.0,0.0,0.0,0.5,0.0,0.5,1.0,0.0,0.0,0.0,1.0,0.0
0022400289,1610612741,CHI,Chicago,1629659,Talen Horton-Tucker,Talen,,,13.000000:47,0.5,0.5,0.4,0.0,0.45,0.25,0.15,0.3,0.4,0.25,0.75,0.667,0.333,0.429,0.571
0022400289,1610612741,CHI,Chicago,1628975,Jevon Carter,Jevon,,,4.000000:25,0.5,0.5,1.0,0.0,0.0,0.0,0.0,0.0,1.0,0.0,1.0,0.0,0.0,0.0,1.0
0022400289,1610612741,CHI,Chicago,1630537,Chris Duarte,Chris,,,4.000000:25,0.667,0.333,0.4,0.0,0.6,0.6,0.0,0.0,0.4,1.0,0.0,0.0,1.0,0.5,0.5
0022400289,1610612741,CHI,Chicago,1628470,Torrey Craig,Torrey,,DNP - Coach's Decision,,,,,,,,,,,,,,,,
0022400289,1610612753,ORL,Orlando,1630532,Franz Wagner,Franz,F,,31.000000:04,0.7,0.3,0.571,0.0,0.143,0.19,0.286,0.286,0.571,0.667,0.333,0.0,1.0,0.571,0.429
0022400289,1610612753,ORL,Orlando,1628976,Wendell Carter Jr.,Wendell,F,,17.000000:55,0.4,0.6,1.0,0.0,0.0,0.0,0.0,0.0,1.0,1.0,0.0,0.0,0.0,1.0,0.0
0022400289,1610612753,ORL,Orlando,1629048,Goga Bitadze,Goga,C,,25.000000:17,1.0,0.0,0.727,0.0,0.0,0.0,0.273,0.0,0.727,1.0,0.0,0.0,0.0,1.0,0.0
0022400289,1610612753,ORL,Orlando,203484,Kentavious Caldwell-Pope,Kentavious,G,,34.000000:09,0.231,0.769,0.167,0.0,0.75,0.208,0.083,0.333,0.167,0.5,0.5,0.833,0.167,0.75,0.25
0022400289,1610612753,ORL,Orlando,1630591,Jalen Suggs,Jalen,G,,31.000000:58,0.5,0.5,0.387,0.065,0.387,0.0,0.226,0.0,0.323,0.333,0.667,0.5,0.5,0.4,0.6
0022400289,1610612753,ORL,Orlando,1628371,Jonathan Isaac,Jonathan,,,22.000000:12,0.6,0.4,0.5,0.0,0.0,0.0,0.5,0.0,0.5,0.0,1.0,0.0,0.0,0.0,1.0
0022400289,1610612753,ORL,Orlando,1641710,Anthony Black,Anthony,,,15.000000:18,1.0,0.0,1.0,0.0,0.0,0.0,0.0,0.5,1.0,0.5,0.5,0.0,0.0,0.5,0.5
0022400289,1610612753,ORL,Orlando,1641783,Tristan da Silva,Tristan,,,19.000000:29,0.4,0.6,0.25,0.0,0.75,0.0,0.0,0.375,0.25,1.0,0.0,1.0,0.0,1.0,0.0
0022400289,1610612753,ORL,Orlando,1629021,Moritz Wagner,Moritz,,,18.000000:18,0.778,0.222,0.667,0.0,0.2,0.133,0.133,0.0,0.667,0.8,0.2,1.0,0.0,0.833,0.167
0022400289,1610612753,ORL,Orlando,1630175,Cole Anthony,Cole,,,11.000000:05,0.5,0.5,0.444,0.0,0.333,0.0,0.222,0.0,0.444,0.0,1.0,1.0,0.0,0.333,0.667
0022400289,1610612753,ORL,Orlando,1641724,Jett Howard,Jett,,,4.000000:25,0.0,1.0,0.0,0.0,0.0,0.0,0.0,0.0,0.0,0.0,0.0,0.0,0.0,0.0,0.0
0022400289,1610612753,ORL,Orlando,202709,Cory Joseph,Cory,,,4.000000:25,0.0,0.0,0.0,0.0,0.0,0.0,0.0,0.0,0.0,0.0,0.0,0.0,0.0,0.0,0.0
0022400289,1610612753,ORL,Orlando,1631216,Caleb Houstan,Caleb,,,4.000000:25,0.0,0.0,0.0,0.0,0.0,0.0,1.0,0.0,0.0,0.0,0.0,0.0,0.0,0.0,0.0
0022401184,1610612746,LAC,LA,1626181,Norman Powell,Norman,F,,35.000000:57,0.727,0.273,0.5,0.0,0.375,0.125,0.125,0.188,0.5,0.5,0.5,0.5,0.5,0.5,0.5
0022401184,1610612746,LAC,LA,202695,Kawhi Leonard,Kawhi,F,,42.000000:20,0.857,0.143,0.571,0.214,0.214,0.071,0.214,0.0,0.357,0.25,0.75,0.5,0.5,0.3,0.7
0022401184,1610612746,LAC,LA,1627826,Ivica Zubac,Ivica,C,,35.000000:47,1.0,0.0,0.941,0.0,0.0,0.0,0.059,0.118,0.941,0.75,0.25,0.0,0.0,0.75,0.25
0022401184,1610612746,LAC,LA,1627739,Kris Dunn,Kris,G,,22.000000:22,0.5,0.5,1.0,0.0,0.0,0.0,0.0,0.0,1.0,1.0,0.0,0.0,0.0,1.0,0.0
0022401184,1610612746,LAC,LA,201935,James Harden,James,G,,42.000000:36,0.6,0.4,0.522,0.087,0.261,0.261,0.217,0.087,0.435,0.0,1.0,0.5,0.5,0.125,0.875
0022401184,1610612746,LAC,LA,1627884,Derrick Jones Jr.,Derrick,,,25.000000:18,0.556,0.444,0.727,0.0,0.273,0.545,0.0,0.182,0.727,0.75,0.25,1.0,0.0,0.8,0.2
0022401184,1610612746,LAC,LA,203992,Bogdan Bogdanović,Bogdan,,,21.000000:24,0.667,0.333,1.0,0.0,0.0,0.0,0.0,1.0,1.0,0.0,1.0,0.0,0.0,0.0,1.0
0022401184,1610612746,LAC,LA,1629234,Drew Eubanks,Drew,,,1.000000:57,0.0,0.0,0.0,0.0,0.0,0.0,0.0,0.0,0.0,0.0,0.0,0.0,0.0,0.0,0.0
0022401184,1610612746,LAC,LA,1627732,Ben Simmons,Ben,,,12.000000:20,0.0,0.0,0.0,0.0,0.0,0.0,0.0,0.0,0.0,0.0,0.0,0.0,0.0,0.0,0.0
0022401184,1610612746,LAC,LA,1631116,Patrick Baldwin Jr.,Patrick,,DNP - Coach's Decision,,,,,,,,,,,,,,,,
0022401184,1610612746,LAC,LA,1641738,Kobe Brown,Kobe,,DNP - Coach's Decision,,,,,,,,,,,,,,,,
0022401184,1610612746,LAC,LA,1642353,Cam Christie,Cam,,DNP - Coach's Decision,,,,,,,,,,,,,,,,
0022401184,1610612746,LAC,LA,1642280,Trentyn Flowers,Trentyn,,DNP - Coach's Decision,,,,,,,,,,,,,,,,
0022401184,1610612746,LAC,LA,1641757,Jordan Miller,Jordan,,DNP - Coach's Decision,,,,,,,,,,,,,,,,
0022401184,1610612758,SAC,Sacramento,201942,DeMar DeRozan,DeMar,F,,40.000000:04,0.75,0.25,0.625,0.25,0.188,0.0,0.188,0.25,0.375,0.4,0.6,1.0,0.0,0.5,0.5
0022401184,1610612758,SAC,Sacramento,1631099,Keegan Murray,Keegan,F,,31.000000:54,0.333,0.667,0.444,0.0,0.333,0.222,0.222,0.222,0.444,0.0,1.0,1.0,0.0,0.333,0.667
0022401184,1610612758,SAC,Sacramento,1627734,Domantas Sabonis,Domantas,C,,39.000000:14,0.867,0.133,0.737,0.316,0.158,0.0,0.105,0.0,0.421,0.857,0.143,1.0,0.0,0.875,0.125
0022401184,1610612758,SAC,Sacramento,203897,Zach LaVine,Zach,G,,40.000000:54,0.478,0.522,0.385,0.231,0.462,0.0,0.154,0.077,0.154,1.0,0.0,0.5,0.5,0.778,0.222
0022401184,1610612758,SAC,Sacramento,1631165,Keon Ellis,Keon,G,,32.000000:28,0.0,1.0,0.0,0.0,0.6,0.0,0.4,0.0,0.0,0.0,0.0,0.0,1.0,0.0,1.0
0022401184,1610612758,SAC,Sacramento,1626168,Trey Lyles,Trey,,,29.000000:41,0.6,0.4,0.667,0.0,0.333,0.0,0.0,0.0,0.667,0.333,0.667,1.0,0.0,0.5,0.5
0022401184,1610612758,SAC,Sacramento,202685,Jonas Valančiūnas,Jonas,,,10.000000:11,1.0,0.0,0.667,0.222,0.0,0.0,0.333,0.0,0.444,0.667,0.333,0.0,0.0,0.667,0.333
0022401184,1610612758,SAC,Sacramento,1642269,Devin Carter,Devin,,,15.000000:34,0.667,0.333,0.571,0.286,0.429,0.286,0.0,0.286,0.286,0.0,1.0,1.0,0.0,0.333,0.667
0022401184,1610612758,SAC,Sacramento,203109,Jae Crowder,Jae,,DNP - Coach's Decision,,,,,,,,,,,,,,,,
0022401184,1610612758,SAC,Sacramento,1629056,Terence Davis,Terence,,DNP - Coach's Decision,,,,,,,,,,,,,,,,
0022401184,1610612758,SAC,Sacramento,1628365,Markelle Fultz,Markelle,,DNP - Coach's Decision,,,,,,,,,,,,,,,,
0022401184,1610612758,SAC,Sacramento,1642403,Isaac Jones,Isaac,,DNP - Coach's Decision,,,,,,,,,,,,,,,,
0022401184,1610612758,SAC,Sacramento,203926,Doug McDermott,Doug,,DNP - Coach's Decision,,,,,,,,,,,,,,,,
0022401175,1610612739,CLE,Cleveland,1630596,Evan Mobley,Evan,F,,35.000000:09,0.5,0.5,0.25,0.0,0.188,0.188,0.563,0.0,0.25,0.5,0.5,1.0,0.0,0.667,0.333
0022401175,1610612739,CLE,Cleveland,1629731,Dean Wade,Dean,F,,26.000000:42,0.5,0.5,0.0,0.0,0.0,0.0,1.0,0.0,0.0,0.0,0.0,0.0,0.0,0.0,0.0
0022401175,1610612739,CLE,Cleveland,1628386,Jarrett Allen,Jarrett,C,,32.000000:50,1.0,0.0,0.727,0.0,0.0,0.0,0.273,0.091,0.727,0.75,0.25,0.0,0.0,0.75,0.25
0022401175,1610612739,CLE,Cleveland,1629636,Darius Garland,Darius,G,,32.000000:49,0.706,0.294,0.692,0.0,0.115,0.0,0.192,0.231,0.692,0.222,0.778,0.0,1.0,0.2,0.8
0022401175,1610612739,CLE,Cleveland,1629622,Max Strus,Max,G,,34.000000:51,0.2,0.8,0.211,0.0,0.789,0.263,0.0,0.0,0.211,0.5,0.5,1.0,0.0,0.857,0.143
0022401175,1610612739,CLE,Cleveland,1641854,Craig Porter Jr.,Craig,,,21.000000:10,1.0,0.0,0.727,0.182,0.0,0.455,0.273,0.455,0.545,0.25,0.75,0.0,0.0,0.25,0.75
0022401175,1610612739,CLE,Cleveland,1630171,Isaac Okoro,Isaac,,,27.000000:26,0.667,0.333,0.4,0.0,0.6,0.4,0.0,0.133,0.4,1.0,0.0,1.0,0.0,1.0,0.0
0022401175,1610612739,CLE,Cleveland,1642281,Jaylon Tyson,Jaylon,,,21.000000:48,0.667,0.333,0.571,0.0,0.429,0.0,0.0,0.0,0.571,0.5,0.5,1.0,0.0,0.667,0.333
0022401175,1610612739,CLE,Cleveland,1629750,Javonte Green,Javonte,,,7.000000:15,0.5,0.5,1.0,0.0,0.0,0.0,0.0,1.0,1.0,1.0,0.0,0.0,0.0,1.0,0.0
0022401175,1610612739,CLE,Cleveland,1641734,Emoni Bates,Emoni,,DNP - Coach's Decision,,,,,,,,,,,,,,,,
0022401175,1610612739,CLE,Cleveland,1629643,Chuma Okeke,Chuma,,DNP - Coach's Decision,,,,,,,,,,,,,,,,
0022401175,1610612739,CLE,Cleveland,202684,Tristan Thompson,Tristan,,DNP - Coach's Decision,,,,,,,,,,,,,,,,
0022401175,1610612739,CLE,Cleveland,1641772,Nae'Qwan Tomlin,Nae'Qwan,,DNP - Coach's Decision,,,,,,,,,,,,,,,,
0022401175,1610612739,CLE,Cleveland,1631247,Luke Travers,Luke,,DNP - Coach's Decision,,,,,,,,,,,,,,,,
0022401175,1610612752,NYK,New York,1628384,OG Anunoby,OG,F,,34.000000:47,0.5,0.5,0.533,0.133,0.4,0.2,0.067,0.2,0.4,0.5,0.5,0.5,0.5,0.5,0.5
0022401175,1610612752,NYK,New York,1628404,Josh Hart,Josh,F,,34.000000:29,0.5,0.5,0.25,0.0,0.75,0.25,0.0,0.0,0.25,1.0,0.0,1.0,0.0,1.0,0.0
0022401175,1610612752,NYK,New York,1629011,Mitchell Robinson,Mitchell,C,,32.000000:48,1.0,0.0,0.75,0.0,0.0,0.0,0.25,0.25,0.75,1.0,0.0,0.0,0.0,1.0,0.0
0022401175,1610612752,NYK,New York,1628969,Mikal Bridges,Mikal,G,,36.000000:24,0.615,0.385,0.588,0.118,0.176,0.0,0.235,0.0,0.471,0.8,0.2,1.0,0.0,0.833,0.167
0022401175,1610612752,NYK,New York,1628973,Jalen Brunson,Jalen,G,,36.000000:17,0.588,0.412,0.444,0.074,0.333,0.259,0.222,0.074,0.37,0.333,0.667,0.667,0.333,0.444,0.556
0022401175,1610612752,NYK,New York,1630540,Miles McBride,Miles,,,17.000000:33,0.375,0.625,0.167,0.0,0.75,0.417,0.083,0.667,0.167,0.0,1.0,0.333,0.667,0.25,0.75
0022401175,1610612752,NYK,New York,1629013,Landry Shamet,Landry,,,20.000000:47,0.083,0.917,0.0,0.0,1.0,0.2,0.0,0.0,0.0,0.0,0.0,0.6,0.4,0.6,0.4
0022401175,1610612752,NYK,New York,1626166,Cameron Payne,Cameron,,,11.000000:43,0.8,0.2,0.0,0.0,0.0,0.0,0.0,0.0,0.0,0.0,0.0,0.0,0.0,0.0,0.0
0022401175,1610612752,NYK,New York,1630173,Precious Achiuwa,Precious,,,15.000000:12,1.0,0.0,0.0,0.0,0.0,0.0,0.0,0.0,0.0,0.0,0.0,0.0,0.0,0.0,0.0
0022401175,1610612752,NYK,New York,1642359,Pacôme Dadiet,Pacôme,,DNP - Coach's Decision,,,,,,,,,,,,,,,,
0022401175,1610612752,NYK,New York,1642278,Tyler Kolek,Tyler,,DNP - Coach's Decision,,,,,,,,,,,,,,,,
0022401175,1610612752,NYK,New York,1641755,Kevin McCullar Jr.,Kevin,,DNP - Coach's Decision,,,,,,,,,,,,,,,,
0022401175,1610612752,NYK,New York,200782,P.J. Tucker,P.J.,,DNP - Coach's Decision,,,,,,,,,,,,,,,,
0022401175,1610612752,NYK,New York,1641817,Anton Watson,Anton,,DNP - Coach's Decision,,,,,,,,,,,,,,,,
0022401175,1610612752,NYK,New York,1626153,Delon Wright,Delon,,DNP - Coach's Decision,,,,,,,,,,,,,,,,
0022401200,1610612756,PHX,Phoenix,1628960,Grayson Allen,Grayson,F,,27.000000:42,0.462,0.538,0.4,0.1,0.6,0.0,0.0,0.0,0.3,0.5,0.5,0.75,0.25,0.625,0.375
0022401200,1610612756,PHX,Phoenix,1642346,Ryan Dunn,Ryan,F,,29.000000:46,0.455,0.545,0.5,0.0,0.5,0.0,0.0,0.0,0.5,0.667,0.333,1.0,0.0,0.8,0.2
0022401200,1610612756,PHX,Phoenix,203486,Mason Plumlee,Mason,C,,21.000000:59,0.75,0.25,1.0,0.0,0.0,0.0,0.0,0.0,1.0,1.0,0.0,0.0,0.0,1.0,0.0
0022401200,1610612756,PHX,Phoenix,1631221,Collin Gillespie,Collin,G,,28.000000:13,0.143,0.857,0.167,0.0,0.75,0.0,0.083,0.0,0.167,0.0,1.0,0.667,0.333,0.5,0.5
0022401200,1610612756,PHX,Phoenix,1626145,Tyus Jones,Tyus,G,,25.000000:55,0.462,0.538,0.471,0.118,0.529,0.412,0.0,0.529,0.353,0.75,0.25,1.0,0.0,0.857,0.143
0022401200,1610612756,PHX,Phoenix,1642345,Oso Ighodaro,Oso,,,26.000000:01,1.0,0.0,1.0,0.2,0.0,0.0,0.0,0.2,0.8,0.6,0.4,0.0,0.0,0.6,0.4
0022401200,1610612756,PHX,Phoenix,1626220,Royce O'Neale,Royce,,,21.000000:05,0.111,0.889,0.4,0.0,0.6,0.0,0.0,0.0,0.4,1.0,0.0,1.0,0.0,1.0,0.0
0022401200,1610612756,PHX,Phoenix,1628998,Cody Martin,Cody,,,12.000000:25,0.333,0.667,1.0,1.0,0.0,0.0,0.0,0.0,0.0,1.0,0.0,0.0,0.0,1.0,0.0
0022401200,1610612756,PHX,Phoenix,1628420,Monté Morris,Monté,,,21.000000:02,0.429,0.571,0.25,0.0,0.75,0.0,0.0,0.0,0.25,0.0,1.0,1.0,0.0,0.667,0.333
0022401200,1610612756,PHX,Phoenix,1631102,TyTy Washington Jr.,TyTy,,,12.000000:59,0.8,0.2,1.0,1.0,0.0,0.0,0.0,0.0,0.0,1.0,0.0,0.0,0.0,1.0,0.0
0022401200,1610612756,PHX,Phoenix,1627814,Damion Lee,Damion,,,5.000000:33,0.75,0.25,1.0,0.0,0.0,0.0,0.0,0.5,1.0,0.0,1.0,0.0,0.0,0.0,1.0
0022401200,1610612756,PHX,Phoenix,1629626,Bol Bol,Bol,,,4.000000:34,0.0,0.0,0.0,0.0,0.0,0.0,0.0,0.0,0.0,0.0,0.0,0.0,0.0,0.0,0.0
0022401200,1610612756,PHX,Phoenix,1641779,Jalen Bridges,Jalen,,,2.000000:46,0.0,1.0,0.0,0.0,0.0,0.0,1.0,0.0,0.0,0.0,0.0,0.0,0.0,0.0,0.0
0022401200,1610612758,SAC,Sacramento,201942,DeMar DeRozan,DeMar,F,,27.000000:33,1.0,0.0,1.0,0.75,0.0,0.0,0.0,0.25,0.25,0.5,0.5,0.0,0.0,0.5,0.5
0022401200,1610612758,SAC,Sacramento,1631099,Keegan Murray,Keegan,F,,22.000000:43,0.625,0.375,1.0,0.333,0.0,0.333,0.0,0.0,0.667,0.667,0.333,0.0,0.0,0.667,0.333
0022401200,1610612758,SAC,Sacramento,1627734,Domantas Sabonis,Domantas,C,,23.000000:43,0.6,0.4,0.4,0.1,0.6,0.0,0.0,0.15,0.3,0.75,0.25,1.0,0.0,0.875,0.125
0022401200,1610612758,SAC,Sacramento,203897,Zach LaVine,Zach,G,,26.000000:34,0.455,0.545,0.25,0.125,0.75,0.0,0.0,0.0,0.125,0.0,1.0,0.75,0.25,0.5,0.5
0022401200,1610612758,SAC,Sacramento,1631165,Keon Ellis,Keon,G,,28.000000:45,0.375,0.625,0.667,0.0,0.333,0.444,0.0,0.222,0.667,0.667,0.333,1.0,0.0,0.75,0.25
0022401200,1610612758,SAC,Sacramento,202685,Jonas Valančiūnas,Jonas,,,20.000000:58,1.0,0.0,0.909,0.273,0.0,0.0,0.091,0.227,0.636,0.6,0.4,0.0,0.0,0.6,0.4
0022401200,1610612758,SAC,Sacramento,1626168,Trey Lyles,Trey,,,24.000000:45,0.3,0.7,0.364,0.182,0.545,0.273,0.091,0.0,0.182,1.0,0.0,1.0,0.0,1.0,0.0
0022401200,1610612758,SAC,Sacramento,1642269,Devin Carter,Devin,,,22.000000:30,0.714,0.286,0.4,0.0,0.6,0.4,0.0,1.0,0.4,0.0,1.0,1.0,0.0,0.5,0.5
0022401200,1610612758,SAC,Sacramento,203926,Doug McDermott,Doug,,,14.000000:43,0.25,0.75,0.0,0.0,1.0,0.0,0.0,0.5,0.0,0.0,0.0,1.0,0.0,1.0,0.0
0022401200,1610612758,SAC,Sacramento,1628365,Markelle Fultz,Markelle,,,12.000000:00,1.0,0.0,1.0,0.0,0.0,0.0,0.0,0.0,1.0,0.5,0.5,0.0,0.0,0.5,0.5
0022401200,1610612758,SAC,Sacramento,1642403,Isaac Jones,Isaac,,,7.000000:53,1.0,0.0,1.0,0.0,0.0,0.0,0.0,0.0,1.0,0.0,1.0,0.0,0.0,0.0,1.0
0022401200,1610612758,SAC,Sacramento,1629056,Terence Davis,Terence,,,7.000000:53,0.5,0.5,0.0,0.0,0.0,0.0,0.0,0.0,0.0,0.0,0.0,0.0,0.0,0.0,0.0
0022401200,1610612758,SAC,Sacramento,203109,Jae Crowder,Jae,,DNP - Coach's Decision,,,,,,,,,,,,,,,,
