GAME_ID,TEAM_ID,TEAM_ABBREVIATION,TEAM_CITY,PLAYER_ID,PLAYER_NAME,NICKNAME,START_POSITION,COMMENT,MIN,USG_PCT,PCT_FGM,PCT_FGA,PCT_FG3M,PCT_FG3A,PCT_FTM,PCT_FTA,PCT_OREB,PCT_DREB,PCT_REB,PCT_AST,PCT_TOV,PCT_STL,PCT_BLK,PCT_BLKA,PCT_PF,PCT_PFD,PCT_PTS
0022401196,1610612760,OKC,Oklahoma City,1641794,Dillon Jones,Dillon,F,,36.000000:08,0.122,0.152,0.095,0.125,0.031,0.154,0.125,0.091,0.333,0.263,0.071,0.333,0.143,0.0,0.25,0.294,0.091,0.149
0022401196,1610612760,OKC,Oklahoma City,1629026,Kenrich Williams,Kenrich,F,,37.000000:06,0.236,0.25,0.234,0.0,0.189,0.063,0.211,0.143,0.37,0.293,0.2,0.375,0.429,0.0,0.0,0.053,0.231,0.198
0022401196,1610612760,OKC,Oklahoma City,1631119,Jaylin Williams,Jaylin,C,,2.000000:16,0.125,0.0,0.125,0.0,0.0,0.0,0.0,0.0,0.667,0.5,0.0,0.0,0.0,0.0,0.0,0.0,0.0,0.0
0022401196,1610612760,OKC,Oklahoma City,1630198,Isaiah Joe,Isaiah,G,,34.000000:48,0.195,0.167,0.221,0.333,0.379,0.25,0.217,0.273,0.125,0.171,0.1,0.0,0.286,0.0,0.25,0.158,0.188,0.198
0022401196,1610612760,OKC,Oklahoma City,1630598,Aaron Wiggins,Aaron,G,,36.000000:30,0.259,0.242,0.225,0.25,0.146,0.556,0.5,0.133,0.167,0.156,0.636,0.25,0.4,0.0,0.333,0.235,0.429,0.304
0022401196,1610612760,OKC,Oklahoma City,1642382,Branden Carlson,Branden,,,38.000000:33,0.242,0.323,0.253,0.333,0.222,0.2,0.174,0.429,0.138,0.233,0.154,0.2,0.0,0.75,0.333,0.136,0.125,0.295
0022401196,1610612760,OKC,Oklahoma City,1641745,Adam Flagler,Adam,,,21.000000:55,0.132,0.059,0.167,0.0,0.217,0.0,0.0,0.0,0.063,0.045,0.0,0.0,0.0,0.0,0.0,0.091,0.0,0.041
0022401196,1610612760,OKC,Oklahoma City,1642505,Alex Ducas,Alex,,,14.000000:53,0.113,0.091,0.1,0.333,0.111,0.25,0.25,0.333,0.214,0.25,0.167,0.0,0.0,0.0,0.0,0.444,0.167,0.152
0022401196,1610612760,OKC,Oklahoma City,1642349,Ajay Mitchell,Ajay,,,17.000000:50,0.247,0.231,0.278,0.5,0.389,0.0,0.0,0.143,0.0,0.045,0.5,0.5,0.0,0.333,0.0,0.364,0.273,0.163
0022401196,1610612760,OKC,Oklahoma City,1627936,Alex Caruso,Alex,,DND - Injury/Illness,,0.0,,,,,,,,,,,,,,,,,
0022401196,1610612760,OKC,Oklahoma City,1631172,Ousmane Dieng,Ousmane,,DND - Injury/Illness,,0.0,,,,,,,,,,,,,,,,,
0022401196,1610612760,OKC,Oklahoma City,1641717,Cason Wallace,Cason,,DND - Injury/Illness,,0.0,,,,,,,,,,,,,,,,,
0022401196,1610612740,NOP,New Orleans,1641810,Antonio Reeves,Antonio,F,,39.000000:10,0.165,0.286,0.184,0.0,0.121,0.235,0.227,0.0,0.222,0.162,0.0,0.0,0.0,0.25,0.0,0.188,0.2,0.253
0022401196,1610612740,NOP,New Orleans,1631232,Keion Brooks Jr.,Keion,F,,39.000000:23,0.143,0.161,0.133,0.167,0.138,0.222,0.227,0.1,0.167,0.15,0.105,0.154,0.333,0.25,0.25,0.231,0.158,0.174
0022401196,1610612740,NOP,New Orleans,1630526,Jeremiah Robinson-Earl,Jeremiah,C,,33.000000:16,0.229,0.16,0.246,0.167,0.25,0.059,0.087,0.7,0.375,0.471,0.294,0.25,0.2,0.0,0.0,0.231,0.167,0.137
0022401196,1610612740,NOP,New Orleans,203901,Elfrid Payton,Elfrid,G,,17.000000:31,0.119,0.083,0.152,0.333,0.063,0.0,0.0,0.2,0.077,0.111,0.333,0.0,0.0,0.5,1.0,0.167,0.0,0.088
0022401196,1610612740,NOP,New Orleans,1630631,Jose Alvarado,Jose,G,,33.000000:37,0.262,0.185,0.235,0.167,0.31,0.214,0.15,0.0,0.115,0.083,0.222,0.545,0.4,0.0,0.25,0.0,0.176,0.189
0022401196,1610612740,NOP,New Orleans,1631288,Jamal Cain,Jamal,,,28.000000:01,0.272,0.3,0.28,0.333,0.19,0.313,0.381,0.5,0.087,0.148,0.1,0.143,0.333,0.0,0.0,0.333,0.294,0.305
0022401196,1610612740,NOP,New Orleans,1630283,Kylor Kelley,Kylor,,,15.000000:27,0.087,0.111,0.036,0.0,0.0,0.2,0.333,0.0,0.417,0.385,0.2,0.25,0.0,1.0,0.0,0.2,0.167,0.125
0022401196,1610612740,NOP,New Orleans,1631311,Lester Quinones,Lester,,,33.000000:35,0.218,0.217,0.25,0.5,0.391,0.238,0.185,0.0,0.2,0.167,0.429,0.0,0.0,0.0,0.333,0.25,0.3,0.239
0022401196,1610612740,NOP,New Orleans,1628971,Bruce Brown,Bruce,,DND - Injury/Illness,,0.0,,,,,,,,,,,,,,,,,
0022401196,1610612740,NOP,New Orleans,1631255,Karlo Matković,Karlo,,DND - Injury/Illness,,0.0,,,,,,,,,,,,,,,,,
0022401196,1610612740,NOP,New Orleans,1642274,Yves Missi,Yves,,DND - Injury/Illness,,0.0,,,,,,,,,,,,,,,,,
0022401222,1610612755,PHI,Philadelphia,202331,Paul George,Paul,F,,39.000000:47,0.259,0.371,0.313,0.4,0.281,0.053,0.083,0.0,0.185,0.143,0.444,0.222,0.182,0.25,0.25,0.133,0.208,0.317
0022401222,1610612755,PHI,Philadelphia,1630231,KJ Martin,KJ,F,,21.000000:22,0.077,0.048,0.049,0.0,0.063,0.0,0.0,0.0,0.111,0.091,0.0,0.222,0.25,0.0,0.2,0.455,0.143,0.04
0022401222,1610612755,PHI,Philadelphia,203083,Andre Drummond,Andre,C,,28.000000:14,0.163,0.143,0.143,0.0,0.091,0.167,0.1,0.5,0.545,0.536,0.071,0.286,0.25,0.5,0.0,0.273,0.154,0.125
0022401222,1610612755,PHI,Philadelphia,1626162,Kelly Oubre Jr.,Kelly,G,,39.000000:46,0.191,0.189,0.167,0.071,0.133,0.174,0.2,0.5,0.194,0.243,0.222,0.267,0.182,0.25,0.0,0.063,0.16,0.171
0022401222,1610612755,PHI,Philadelphia,1630178,Tyrese Maxey,Tyrese,G,,39.000000:57,0.399,0.343,0.424,0.429,0.4,0.435,0.433,0.167,0.129,0.135,0.278,0.25,0.308,0.0,0.571,0.176,0.333,0.374
0022401222,1610612755,PHI,Philadelphia,200768,Kyle Lowry,Kyle,,,17.000000:49,0.073,0.0,0.04,0.0,0.059,0.231,0.25,0.25,0.0,0.091,0.167,0.0,0.25,0.333,0.0,0.3,0.231,0.071
0022401222,1610612755,PHI,Philadelphia,1627824,Guerschon Yabusele,Guerschon,,,18.000000:20,0.048,0.0,0.067,0.0,0.133,0.0,0.0,0.0,0.3,0.231,0.143,0.0,0.0,0.0,0.0,0.25,0.1,0.0
0022401222,1610612755,PHI,Philadelphia,1641741,Ricky Council IV,Ricky,,,8.000000:36,0.323,0.143,0.235,0.0,0.2,1.0,0.667,0.5,0.0,0.143,0.0,0.5,0.333,0.0,0.667,0.25,0.5,0.286
0022401222,1610612755,PHI,Philadelphia,201569,Eric Gordon,Eric,,,26.000000:09,0.098,0.167,0.119,0.5,0.278,0.0,0.0,0.0,0.071,0.05,0.111,0.091,0.1,0.0,0.0,0.0,0.067,0.158
0022401222,1610612755,PHI,Philadelphia,1630288,Jeff Dowtin Jr.,Jeff,,DNP - Coach's Decision,,0.0,,,,,,,,,,,,,,,,,
0022401222,1610612755,PHI,Philadelphia,1642348,Justin Edwards,Justin,,DNP - Coach's Decision,,0.0,,,,,,,,,,,,,,,,,
0022401222,1610612755,PHI,Philadelphia,202704,Reggie Jackson,Reggie,,DNP - Coach's Decision,,0.0,,,,,,,,,,,,,,,,,
0022401222,1610612755,PHI,Philadelphia,1631250,Pete Nance,Pete,,DNP - Coach's Decision,,0.0,,,,,,,,,,,,,,,,,
0022401222,1610612766,CHA,Charlotte,1630182,Josh Green,Josh,F,,29.000000:49,0.131,0.16,0.157,0.25,0.222,0.0,0.091,0.167,0.059,0.087,0.0,0.077,0.5,0.2,0.0,0.2,0.214,0.156
0022401222,1610612766,CHA,Charlotte,1628970,Miles Bridges,Miles,F,,28.000000:14,0.344,0.345,0.358,0.222,0.32,0.333,0.273,0.167,0.278,0.25,0.19,0.333,0.0,0.0,0.0,0.048,0.25,0.329
0022401222,1610612766,CHA,Charlotte,1631109,Mark Williams,Mark,C,,17.000000:04,0.184,0.231,0.167,0.0,0.0,0.2,0.222,1.0,0.2,0.273,0.25,0.25,0.0,0.75,1.0,0.333,0.222,0.194
0022401222,1610612766,CHA,Charlotte,1641706,Brandon Miller,Brandon,G,,31.000000:12,0.17,0.138,0.164,0.222,0.304,0.222,0.2,0.0,0.222,0.182,0.19,0.222,0.0,0.2,0.0,0.154,0.071,0.158
0022401222,1610612766,CHA,Charlotte,1630163,LaMelo Ball,LaMelo,G,,25.000000:50,0.3,0.192,0.3,0.333,0.348,0.25,0.267,0.0,0.313,0.238,0.55,0.3,0.667,0.0,0.5,0.2,0.25,0.217
0022401222,1610612766,CHA,Charlotte,203995,Vasilije Micić,Vasilije,,,16.000000:07,0.173,0.0,0.13,0.0,0.111,0.0,0.0,0.0,0.1,0.083,0.625,0.333,0.0,0.0,0.0,0.143,0.143,0.0
0022401222,1610612766,CHA,Charlotte,1630208,Nick Richards,Nick,,,15.000000:14,0.411,0.538,0.36,0.0,0.0,1.0,0.75,0.5,0.364,0.385,0.0,0.375,0.25,0.333,1.0,0.4,0.571,0.576
0022401222,1610612766,CHA,Charlotte,1628998,Cody Martin,Cody,,,28.000000:59,0.116,0.167,0.146,0.4,0.238,0.0,0.0,0.143,0.211,0.192,0.118,0.067,0.286,0.25,0.0,0.263,0.0,0.164
0022401222,1610612766,CHA,Charlotte,1642275,Tidjane Salaün,Tidjane,,,18.000000:16,0.092,0.0,0.067,0.0,0.154,0.0,0.2,0.0,0.182,0.143,0.111,0.111,0.0,0.333,0.5,0.2,0.167,0.0
0022401222,1610612766,CHA,Charlotte,1631217,Moussa Diabaté,Moussa,,,15.000000:42,0.079,0.125,0.071,0.0,0.0,0.0,0.0,0.333,0.125,0.214,0.0,0.125,0.2,0.0,0.0,0.231,0.25,0.103
0022401222,1610612766,CHA,Charlotte,1631209,Isaiah Wong,Isaiah,,,13.000000:33,0.173,0.25,0.182,0.25,0.091,0.0,0.0,0.667,0.0,0.2,0.0,0.167,0.0,0.0,0.0,0.25,0.5,0.241
0022401222,1610612766,CHA,Charlotte,203552,Seth Curry,Seth,,DNP - Coach's Decision,,0.0,,,,,,,,,,,,,,,,,
0022401222,1610612766,CHA,Charlotte,201959,Taj Gibson,Taj,,DNP - Coach's Decision,,0.0,,,,,,,,,,,,,,,,,
0022401222,1610612766,CHA,Charlotte,1629610,DaQuan Jeffries,DaQuan,,DNP - Coach's Decision,,0.0,,,,,,,,,,,,,,,,,
0022400010,1610612755,PHI,Philadelphia,202331,Paul George,Paul,F,,35.000000:35,0.252,0.2,0.278,0.3,0.333,0.125,0.176,0.167,0.167,0.167,0.385,0.214,0.571,0.0,0.25,0.125,0.125,0.197
0022400010,1610612755,PHI,Philadelphia,1628997,Caleb Martin,Caleb,F,,33.000000:26,0.097,0.05,0.057,0.1,0.037,0.0,0.0,0.167,0.235,0.217,0.077,0.286,0.0,0.0,0.0,0.286,0.083,0.048
0022400010,1610612755,PHI,Philadelphia,203954,Joel Embiid,Joel,C,,32.000000:44,0.372,0.25,0.306,0.0,0.217,0.833,0.833,0.333,0.412,0.4,0.154,0.462,0.111,0.5,0.25,0.118,0.5,0.345
0022400010,1610612755,PHI,Philadelphia,1642272,Jared McCain,Jared,G,,31.000000:21,0.283,0.435,0.347,0.625,0.417,0.286,0.286,0.2,0.0,0.04,0.286,0.0,0.0,0.0,0.333,0.375,0.235,0.426
0022400010,1610612755,PHI,Philadelphia,200768,Kyle Lowry,Kyle,G,,28.000000:28,0.082,0.133,0.109,0.0,0.045,0.0,0.0,0.0,0.0,0.0,0.273,0.0,0.375,0.0,0.25,0.0,0.125,0.087
0022400010,1610612755,PHI,Philadelphia,1626162,Kelly Oubre Jr.,Kelly,,,25.000000:32,0.107,0.133,0.118,0.25,0.167,0.0,0.0,0.5,0.214,0.25,0.0,0.111,0.25,0.0,0.0,0.286,0.167,0.122
0022400010,1610612755,PHI,Philadelphia,1627824,Guerschon Yabusele,Guerschon,,,24.000000:25,0.089,0.133,0.125,0.0,0.083,0.0,0.0,0.0,0.133,0.125,0.111,0.0,0.0,0.5,0.0,0.25,0.1,0.095
0022400010,1610612755,PHI,Philadelphia,1630288,Jeff Dowtin Jr.,Jeff,,,5.000000:08,0.089,0.0,0.0,0.0,0.0,0.5,0.4,0.0,0.25,0.25,0.5,0.0,0.0,0.0,0.0,0.5,0.333,0.125
0022400010,1610612755,PHI,Philadelphia,201569,Eric Gordon,Eric,,,15.000000:53,0.171,0.111,0.19,0.0,0.4,0.0,0.0,0.0,0.167,0.167,0.167,0.167,1.0,0.5,0.0,0.091,0.167,0.087
0022400010,1610612755,PHI,Philadelphia,203083,Andre Drummond,Andre,,,3.000000:49,0.4,0.5,0.375,0.0,0.0,0.0,0.0,0.5,1.0,0.833,0.0,0.5,0.0,0.0,1.0,0.0,0.0,0.5
0022400010,1610612755,PHI,Philadelphia,1630231,KJ Martin,KJ,,,1.000000:13,0.532,1.0,0.5,0.0,0.0,0.5,0.5,0.0,0.0,0.0,0.0,0.0,0.0,0.0,0.0,0.0,0.5,0.75
0022400010,1610612755,PHI,Philadelphia,1641741,Ricky Council IV,Ricky,,,1.000000:13,0.266,0.0,0.5,0.0,0.0,0.0,0.0,0.0,0.5,0.5,1.0,0.0,0.0,0.0,1.0,0.0,0.0,0.0
0022400010,1610612755,PHI,Philadelphia,1641737,Adem Bona,Adem,,,1.000000:13,0.0,0.0,0.0,0.0,0.0,0.0,0.0,0.0,0.5,0.5,0.0,0.0,0.0,0.0,0.0,0.0,0.0,0.0
0022400010,1610612755,PHI,Philadelphia,202704,Reggie Jackson,Reggie,,DNP - Coach's Decision,,0.0,,,,,,,,,,,,,,,,,
0022400010,1610612753,ORL,Orlando,1641783,Tristan da Silva,Tristan,F,,18.000000:24,0.137,0.143,0.156,0.0,0.176,0.5,0.5,0.0,0.273,0.188,0.0,0.0,0.25,0.0,0.0,0.091,0.2,0.162
0022400010,1610612753,ORL,Orlando,1630532,Franz Wagner,Franz,F,,40.000000:43,0.297,0.323,0.354,0.556,0.379,0.316,0.273,0.111,0.385,0.314,0.462,0.0,0.182,0.2,1.0,0.235,0.318,0.344
0022400010,1610612753,ORL,Orlando,1629048,Goga Bitadze,Goga,C,,26.000000:54,0.106,0.053,0.025,0.0,0.0,0.0,0.0,0.2,0.167,0.174,0.125,0.385,0.2,0.5,0.0,0.182,0.0,0.039
0022400010,1610612753,ORL,Orlando,203484,Kentavious Caldwell-Pope,Kentavious,G,,33.000000:25,0.152,0.115,0.167,0.25,0.24,0.0,0.0,0.0,0.05,0.036,0.091,0.167,0.25,0.0,0.0,0.154,0.067,0.11
0022400010,1610612753,ORL,Orlando,1630591,Jalen Suggs,Jalen,G,,34.000000:29,0.308,0.24,0.286,0.111,0.286,0.429,0.375,0.333,0.182,0.226,0.273,0.333,0.125,0.2,0.0,0.235,0.375,0.26
0022400010,1610612753,ORL,Orlando,1641710,Anthony Black,Anthony,,,19.000000:40,0.203,0.182,0.207,0.0,0.083,0.0,0.0,0.0,0.067,0.053,0.25,0.333,0.333,0.0,0.5,0.143,0.1,0.121
0022400010,1610612753,ORL,Orlando,1628371,Jonathan Isaac,Jonathan,,,24.000000:54,0.166,0.222,0.146,0.2,0.176,0.182,0.286,0.667,0.278,0.375,0.0,0.143,0.167,0.5,0.0,0.5,0.133,0.212
0022400010,1610612753,ORL,Orlando,203914,Gary Harris,Gary,,,13.000000:40,0.033,0.0,0.045,0.0,0.0,0.0,0.0,0.333,0.0,0.077,0.0,0.0,0.333,0.0,0.0,0.167,0.0,0.0
0022400010,1610612753,ORL,Orlando,1629021,Moritz Wagner,Moritz,,,19.000000:53,0.221,0.357,0.2,0.2,0.125,0.273,0.286,0.167,0.25,0.222,0.333,0.25,0.167,0.0,0.0,0.0,0.333,0.318
0022400010,1610612753,ORL,Orlando,1630175,Cole Anthony,Cole,,,4.000000:19,0.333,0.0,0.286,0.0,0.25,0.0,0.0,0.0,0.0,0.0,0.0,0.5,0.0,0.0,0.0,0.333,1.0,0.0
0022400010,1610612753,ORL,Orlando,1631216,Caleb Houstan,Caleb,,,1.000000:13,0.25,0.0,0.333,0.0,0.333,0.0,0.0,0.0,0.5,0.5,0.0,0.0,0.0,0.0,0.0,0.0,0.0,0.0
0022400010,1610612753,ORL,Orlando,1641724,Jett Howard,Jett,,,1.000000:13,0.25,1.0,0.333,1.0,0.333,0.0,0.0,0.0,0.5,0.5,0.0,0.0,0.0,1.0,0.0,0.5,0.0,1.0
0022400010,1610612753,ORL,Orlando,202709,Cory Joseph,Cory,,,1.000000:13,0.0,0.0,0.0,0.0,0.0,0.0,0.0,0.0,0.0,0.0,1.0,0.0,0.0,0.0,0.0,0.5,0.0,0.0
0022400627,1610612764,WAS,Washington,1642267,Bub Carrington,Bub,F,,22.000000:35,0.103,0.12,0.098,0.0,0.077,0.0,0.0,0.0,0.333,0.208,0.235,0.167,0.25,0.333,0.0,0.0,0.0,0.102
0022400627,1610612764,WAS,Washington,1641774,Tristan Vukcevic,Tristan,F,,20.000000:58,0.21,0.348,0.229,0.167,0.148,0.0,0.286,0.1,0.333,0.227,0.0,0.0,0.0,0.667,0.0,0.333,0.111,0.298
0022400627,1610612764,WAS,Washington,1642259,Alex Sarr,Alex,C,,23.000000:12,0.281,0.292,0.264,0.667,0.276,0.8,0.571,0.455,0.286,0.36,0.133,0.25,0.4,0.0,0.0,0.0,0.375,0.373
0022400627,1610612764,WAS,Washington,1642358,AJ Johnson,AJ,G,,28.000000:25,0.163,0.161,0.179,0.125,0.172,0.2,0.125,0.167,0.0,0.05,0.286,0.125,0.25,0.0,0.0,0.667,0.182,0.16
0022400627,1610612764,WAS,Washington,1629673,Jordan Poole,Jordan,G,,19.000000:35,0.248,0.045,0.244,0.0,0.36,0.0,0.0,0.0,0.154,0.095,0.333,0.333,0.0,0.0,0.0,0.0,0.5,0.038
0022400627,1610612764,WAS,Washington,1630550,JT Thor,JT,,,30.000000:25,0.133,0.136,0.157,0.0,0.136,0.182,0.133,0.4,0.083,0.176,0.188,0.0,0.375,0.0,1.0,0.2,0.1,0.131
0022400627,1610612764,WAS,Washington,1641798,Jaylen Martin,Jaylen,,,31.000000:21,0.204,0.174,0.193,0.167,0.12,0.182,0.133,0.222,0.385,0.318,0.063,0.3,0.0,0.0,0.0,0.1,0.1,0.175
0022400627,1610612764,WAS,Washington,1641732,Colby Jones,Colby,,,26.000000:18,0.237,0.45,0.25,0.667,0.235,0.222,0.273,0.333,0.273,0.286,0.2,0.167,0.429,0.0,0.0,0.2,0.25,0.436
0022400627,1610612764,WAS,Washington,1630264,Anthony Gill,Anthony,,,23.000000:32,0.205,0.167,0.158,0.167,0.2,0.333,0.364,0.5,0.0,0.083,0.143,0.333,0.0,0.0,0.0,0.3,0.429,0.196
0022400627,1610612764,WAS,Washington,203935,Marcus Smart,Marcus,,,13.000000:39,0.23,0.0,0.273,0.0,0.4,0.0,0.0,0.0,0.0,0.0,0.667,0.25,0.25,1.0,0.0,0.0,0.0,0.0
0022400627,1610612764,WAS,Washington,1630551,Justin Champagnie,Justin,,DNP - Coach's Decision,,0.0,,,,,,,,,,,,,,,,,
0022400627,1610612764,WAS,Washington,1626158,Richaun Holmes,Richaun,,DNP - Coach's Decision,,0.0,,,,,,,,,,,,,,,,,
0022400627,1610612762,UTA,Utah,1642262,Cody Williams,Cody,F,,28.000000:16,0.117,0.032,0.135,0.0,0.2,0.0,0.0,0.0,0.053,0.04,0.053,0.083,0.167,0.0,0.0,0.273,0.0,0.027
0022400627,1610612762,UTA,Utah,1642271,Kyle Filipowski,Kyle,F,,21.000000:26,0.282,0.32,0.244,0.444,0.25,0.5,0.8,0.167,0.188,0.182,0.118,0.333,0.0,0.0,0.0,0.375,0.5,0.344
0022400627,1610612762,UTA,Utah,1631117,Walker Kessler,Walker,C,,15.000000:15,0.214,0.2,0.286,0.143,0.353,0.0,0.0,0.667,0.273,0.357,0.2,0.0,0.333,1.0,0.5,0.429,0.0,0.175
0022400627,1610612762,UTA,Utah,1629012,Collin Sexton,Collin,G,,19.000000:01,0.275,0.318,0.216,0.222,0.105,0.667,0.8,0.333,0.143,0.176,0.357,0.375,0.0,0.0,0.0,0.333,0.5,0.321
0022400627,1610612762,UTA,Utah,1642268,Isaiah Collier,Isaiah,G,,27.000000:44,0.169,0.226,0.185,0.2,0.111,0.0,0.0,0.167,0.1,0.115,0.333,0.125,0.571,0.0,0.667,0.091,0.0,0.216
0022400627,1610612762,UTA,Utah,1631131,Oscar Tshiebwe,Oscar,,,18.000000:29,0.118,0.053,0.094,0.0,0.0,0.333,0.2,1.0,0.615,0.667,0.25,0.167,0.0,0.0,1.0,0.0,0.429,0.082
0022400627,1610612762,UTA,Utah,1630695,Micah Potter,Micah,,,15.000000:25,0.057,0.0,0.036,0.0,0.083,0.0,0.0,0.333,0.222,0.25,0.2,0.25,0.5,0.0,0.0,0.25,0.0,0.0
0022400627,1610612762,UTA,Utah,1641718,Keyonte George,Keyonte,,,29.000000:09,0.222,0.241,0.226,0.333,0.208,0.375,0.308,0.0,0.211,0.16,0.25,0.222,0.0,0.0,0.0,0.2,0.333,0.267
0022400627,1610612762,UTA,Utah,203903,Jordan Clarkson,Jordan,,,20.000000:16,0.348,0.263,0.314,0.143,0.267,0.333,0.364,0.0,0.231,0.188,0.333,0.556,0.0,0.0,0.0,0.0,0.375,0.259
0022400627,1610612762,UTA,Utah,1641729,Brice Sensabaugh,Brice,,,22.000000:42,0.208,0.292,0.256,0.375,0.333,0.0,0.0,0.0,0.0,0.0,0.059,0.0,0.0,0.0,0.0,0.167,0.0,0.266
0022400627,1610612762,UTA,Utah,1630548,Johnny Juzang,Johnny,,,22.000000:17,0.136,0.2,0.184,0.143,0.235,0.0,0.0,0.25,0.333,0.316,0.143,0.0,0.0,0.0,0.0,0.0,0.0,0.17
0022400627,1610612762,UTA,Utah,1641989,Elijah Harkless,Elijah,,DNP - Coach's Decision,,0.0,,,,,,,,,,,,,,,,,
0022401198,1610612746,LAC,LA,1626181,Norman Powell,Norman,F,,43.000000:52,0.176,0.093,0.176,0.077,0.231,0.2,0.154,0.0,0.069,0.056,0.0,0.182,0.1,0.0,0.5,0.267,0.222,0.101
0022401198,1610612746,LAC,LA,202695,Kawhi Leonard,Kawhi,F,,47.000000:25,0.281,0.277,0.26,0.286,0.333,0.231,0.313,0.0,0.2,0.167,0.259,0.417,0.273,0.0,0.2,0.063,0.333,0.273
0022401198,1610612746,LAC,LA,1627826,Ivica Zubac,Ivica,C,,42.000000:15,0.191,0.262,0.229,0.0,0.0,0.0,0.0,1.0,0.464,0.531,0.12,0.0,0.1,0.333,0.4,0.0,0.0,0.212
0022401198,1610612746,LAC,LA,1627739,Kris Dunn,Kris,G,,35.000000:22,0.07,0.111,0.069,0.375,0.2,0.0,0.0,0.0,0.053,0.043,0.286,0.125,0.3,0.0,0.0,0.364,0.067,0.122
0022401198,1610612746,LAC,LA,201935,James Harden,James,G,,48.000000:24,0.33,0.283,0.291,0.417,0.32,0.571,0.5,0.111,0.231,0.2,0.385,0.462,0.182,1.0,0.0,0.158,0.4,0.331
0022401198,1610612746,LAC,LA,1627884,Derrick Jones Jr.,Derrick,,,17.000000:44,0.102,0.083,0.107,0.0,0.067,0.167,0.286,0.2,0.267,0.25,0.143,0.0,0.0,0.0,0.0,0.1,0.167,0.083
0022401198,1610612746,LAC,LA,203992,Bogdan Bogdanović,Bogdan,,,15.000000:33,0.2,0.25,0.292,0.333,0.333,0.0,0.0,0.2,0.0,0.059,0.0,0.0,1.0,0.0,0.0,0.5,0.0,0.208
0022401198,1610612746,LAC,LA,1627732,Ben Simmons,Ben,,,10.000000:37,0.041,0.0,0.0,0.0,0.0,0.0,0.0,0.4,0.0,0.222,0.333,0.167,0.0,0.0,0.0,0.286,0.0,0.0
0022401198,1610612746,LAC,LA,1629599,Amir Coffey,Amir,,,3.000000:48,0.113,0.0,0.0,0.0,0.0,0.0,0.0,0.0,0.5,0.5,0.0,0.25,0.0,0.0,0.0,0.333,0.0,0.0
0022401198,1610612746,LAC,LA,1631116,Patrick Baldwin Jr.,Patrick,,DNP - Coach's Decision,,0.0,,,,,,,,,,,,,,,,,
0022401198,1610612746,LAC,LA,1641738,Kobe Brown,Kobe,,DNP - Coach's Decision,,0.0,,,,,,,,,,,,,,,,,
0022401198,1610612746,LAC,LA,1642353,Cam Christie,Cam,,DNP - Coach's Decision,,0.0,,,,,,,,,,,,,,,,,
0022401198,1610612746,LAC,LA,1629234,Drew Eubanks,Drew,,DNP - Coach's Decision,,0.0,,,,,,,,,,,,,,,,,
0022401198,1610612746,LAC,LA,1642280,Trentyn Flowers,Trentyn,,DNP - Coach's Decision,,0.0,,,,,,,,,,,,,,,,,
0022401198,1610612746,LAC,LA,1641757,Jordan Miller,Jordan,,DNP - Coach's Decision,,0.0,,,,,,,,,,,,,,,,,
0022401198,1610612744,GSW,Golden State,1630541,Moses Moody,Moses,F,,30.000000:30,0.085,0.08,0.089,0.0,0.063,0.0,0.0,0.0,0.0,0.0,0.111,0.1,0.333,0.4,0.0,0.308,0.1,0.063
0022401198,1610612744,GSW,Golden State,202710,Jimmy Butler III,Jimmy,F,,48.000000:02,0.252,0.308,0.282,0.0,0.067,0.333,0.391,0.0,0.05,0.043,0.333,0.071,0.091,0.167,0.0,0.056,0.429,0.27
0022401198,1610612744,GSW,Golden State,203110,Draymond Green,Draymond,C,,38.000000:29,0.141,0.172,0.164,0.4,0.261,0.0,0.0,0.0,0.188,0.158,0.19,0.143,0.1,0.333,0.333,0.333,0.118,0.167
0022401198,1610612744,GSW,Golden State,1641764,Brandin Podziemski,Brandin,G,,43.000000:04,0.172,0.206,0.175,0.154,0.143,0.167,0.217,0.333,0.316,0.318,0.167,0.143,0.182,0.167,0.333,0.308,0.19,0.192
0022401198,1610612744,GSW,Golden State,201939,Stephen Curry,Stephen,G,,37.000000:60,0.418,0.313,0.351,0.583,0.48,0.692,0.6,0.333,0.154,0.188,0.25,0.615,0.4,0.0,0.0,0.125,0.385,0.404
0022401198,1610612744,GSW,Golden State,1627741,Buddy Hield,Buddy,,,15.000000:45,0.217,0.231,0.269,0.667,0.6,0.0,0.0,0.0,0.143,0.143,0.0,0.0,0.0,0.0,0.0,0.222,0.0,0.25
0022401198,1610612744,GSW,Golden State,1626172,Kevon Looney,Kevon,,,16.000000:11,0.099,0.2,0.115,0.0,0.0,0.0,0.0,0.0,0.5,0.5,0.273,0.0,1.0,0.0,0.0,0.0,0.0,0.162
0022401198,1610612744,GSW,Golden State,1627780,Gary Payton II,Gary,,,24.000000:45,0.101,0.045,0.105,0.0,0.056,0.0,0.0,0.5,0.333,0.364,0.167,0.167,0.333,0.0,0.5,0.222,0.0,0.031
0022401198,1610612744,GSW,Golden State,1642366,Quinten Post,Quinten,,,10.000000:14,0.055,0.0,0.071,0.0,0.25,0.0,0.0,0.0,0.429,0.429,0.0,0.0,0.0,0.0,0.0,0.0,0.0,0.0
0022401198,1610612744,GSW,Golden State,1631218,Trayce Jackson-Davis,Trayce,,DNP - Coach's Decision,,0.0,,,,,,,,,,,,,,,,,
0022401198,1610612744,GSW,Golden State,1630296,Braxton Key,Braxton,,DNP - Coach's Decision,,0.0,,,,,,,,,,,,,,,,,
0022401198,1610612744,GSW,Golden State,1628995,Kevin Knox II,Kevin,,DNP - Coach's Decision,,0.0,,,,,,,,,,,,,,,,,
0022401198,1610612744,GSW,Golden State,1630228,Jonathan Kuminga,Jonathan,,DNP - Coach's Decision,,0.0,,,,,,,,,,,,,,,,,
0022401198,1610612744,GSW,Golden State,1630611,Gui Santos,Gui,,DNP - Coach's Decision,,0.0,,,,,,,,,,,,,,,,,
0022401198,1610612744,GSW,Golden State,1630311,Pat Spencer,Pat,,DNP - Coach's Decision,,0.0,,,,,,,,,,,,,,,,,
0022400300,1610612737,ATL,Atlanta,1642258,Zaccharie Risacher,Zaccharie,F,,25.000000:04,0.22,0.3,0.263,0.5,0.286,0.0,0.0,0.167,0.087,0.103,0.118,0.143,0.25,0.4,0.5,0.0,0.111,0.286
0022400300,1610612737,ATL,Atlanta,1630552,Jalen Johnson,Jalen,F,,38.000000:24,0.182,0.235,0.2,0.4,0.25,0.0,0.0,0.0,0.111,0.081,0.36,0.235,0.0,0.5,0.0,0.167,0.0,0.204
0022400300,1610612737,ATL,Atlanta,203991,Clint Capela,Clint,C,,19.000000:57,0.134,0.133,0.207,0.0,0.0,0.0,0.0,0.571,0.556,0.56,0.077,0.0,0.333,0.4,0.5,0.167,0.167,0.114
0022400300,1610612737,ATL,Atlanta,1630700,Dyson Daniels,Dyson,G,,30.000000:45,0.159,0.167,0.217,0.0,0.261,0.0,0.0,0.125,0.174,0.161,0.167,0.059,0.4,0.0,0.0,0.091,0.0,0.118
0022400300,1610612737,ATL,Atlanta,1629027,Trae Young,Trae,G,,30.000000:48,0.257,0.167,0.196,0.222,0.261,0.308,0.375,0.0,0.174,0.129,0.278,0.353,0.2,0.0,0.25,0.182,0.5,0.2
0022400300,1610612737,ATL,Atlanta,1629726,Garrison Mathews,Garrison,,,13.000000:00,0.199,0.167,0.12,1.0,0.273,0.5,0.6,0.0,0.1,0.059,0.0,0.375,0.5,0.0,0.0,0.667,0.429,0.267
0022400300,1610612737,ATL,Atlanta,1630168,Onyeka Okongwu,Onyeka,,,28.000000:03,0.224,0.217,0.204,0.0,0.091,0.3,0.24,0.857,0.294,0.458,0.143,0.286,0.2,0.0,0.25,0.333,0.294,0.222
0022400300,1610612737,ATL,Atlanta,1629631,De'Andre Hunter,De'Andre,,,24.000000:36,0.245,0.263,0.205,0.167,0.143,0.438,0.381,0.111,0.154,0.136,0.0,0.25,0.0,0.0,0.0,0.25,0.357,0.3
0022400300,1610612737,ATL,Atlanta,1641723,Kobe Bufkin,Kobe,,,17.000000:12,0.263,0.214,0.281,0.0,0.3,0.375,0.364,0.0,0.167,0.111,0.444,0.0,0.333,0.0,1.0,0.0,0.231,0.243
0022400300,1610612737,ATL,Atlanta,1630249,Vít Krejčí,Vít,,,12.000000:11,0.0,0.0,0.0,0.0,0.0,0.0,0.0,0.5,0.222,0.273,0.167,0.0,0.0,0.0,0.0,0.667,0.0,0.0
0022400300,1610612737,ATL,Atlanta,1626204,Larry Nance Jr.,Larry,,DNP - Coach's Decision,,0.0,,,,,,,,,,,,,,,,,
0022400300,1610612737,ATL,Atlanta,1631223,David Roddy,David,,DNP - Coach's Decision,,0.0,,,,,,,,,,,,,,,,,
0022400300,1610612766,CHA,Charlotte,1630182,Josh Green,Josh,F,,35.000000:41,0.157,0.2,0.158,0.286,0.194,0.077,0.143,0.063,0.087,0.077,0.0,0.143,0.3,0.0,0.167,0.357,0.273,0.195
0022400300,1610612766,CHA,Charlotte,1642275,Tidjane Salaün,Tidjane,F,,22.000000:01,0.163,0.0,0.182,0.0,0.192,0.0,0.0,0.0,0.167,0.059,0.111,0.111,0.182,0.0,0.25,0.125,0.0,0.0
0022400300,1610612766,CHA,Charlotte,1631217,Moussa Diabaté,Moussa,C,,22.000000:25,0.065,0.063,0.059,0.0,0.0,0.25,0.25,0.571,0.0,0.348,0.3,0.111,0.222,1.0,0.333,0.222,0.2,0.068
0022400300,1610612766,CHA,Charlotte,1641706,Brandon Miller,Brandon,G,,38.000000:46,0.357,0.323,0.37,0.412,0.452,0.357,0.313,0.176,0.278,0.229,0.2,0.3,0.111,0.333,0.0,0.188,0.308,0.344
0022400300,1610612766,CHA,Charlotte,203995,Vasilije Micić,Vasilije,G,,34.000000:06,0.185,0.231,0.179,0.231,0.188,0.0,0.0,0.25,0.217,0.229,0.294,0.333,0.2,0.0,0.143,0.111,0.1,0.2
0022400300,1610612766,CHA,Charlotte,1642354,KJ Simpson,KJ,,,14.000000:01,0.285,0.25,0.269,0.5,0.4,0.333,0.286,0.167,0.2,0.182,0.2,0.333,0.25,0.0,0.0,0.429,0.25,0.308
0022400300,1610612766,CHA,Charlotte,1628998,Cody Martin,Cody,,,25.000000:32,0.18,0.227,0.188,0.1,0.087,0.083,0.143,0.125,0.286,0.241,0.357,0.143,0.0,0.0,0.5,0.0,0.1,0.182
0022400300,1610612766,CHA,Charlotte,1630208,Nick Richards,Nick,,,25.000000:28,0.165,0.167,0.119,0.0,0.0,0.5,0.467,0.25,0.278,0.273,0.083,0.167,0.25,0.6,0.25,0.429,0.4,0.211
0022400300,1610612766,CHA,Charlotte,1641733,Nick Smith Jr.,Nick,,,16.000000:48,0.183,0.25,0.259,0.2,0.2,0.0,0.0,0.0,0.111,0.091,0.286,0.0,0.333,0.0,0.5,0.0,0.0,0.208
0022400300,1610612766,CHA,Charlotte,203552,Seth Curry,Seth,,,5.000000:12,0.162,0.0,0.125,0.0,0.0,0.0,0.0,0.0,0.333,0.333,0.333,0.333,0.0,0.0,0.0,0.25,0.0,0.0
0022400300,1610612766,CHA,Charlotte,201959,Taj Gibson,Taj,,DNP - Coach's Decision,,0.0,,,,,,,,,,,,,,,,,
0022400300,1610612766,CHA,Charlotte,1629610,DaQuan Jeffries,DaQuan,,DND - Injury/Illness,,0.0,,,,,,,,,,,,,,,,,
0022400632,1610612740,NOP,New Orleans,1630530,Trey Murphy III,Trey,F,,32.000000:41,0.256,0.241,0.255,0.167,0.211,0.438,0.391,0.0,0.316,0.25,0.235,0.111,0.0,0.0,0.5,0.222,0.357,0.275
0022400632,1610612740,NOP,New Orleans,1630526,Jeremiah Robinson-Earl,Jeremiah,F,,19.000000:36,0.097,0.1,0.121,0.143,0.231,0.0,0.0,0.5,0.429,0.444,0.143,0.0,1.0,0.0,0.0,0.667,0.0,0.096
0022400632,1610612740,NOP,New Orleans,1642274,Yves Missi,Yves,C,,29.000000:35,0.109,0.143,0.109,0.0,0.0,0.2,0.188,0.5,0.214,0.278,0.15,0.091,0.0,0.667,0.5,0.0,0.273,0.135
0022400632,1610612740,NOP,New Orleans,203468,CJ McCollum,CJ,G,,33.000000:58,0.233,0.171,0.193,0.25,0.208,0.467,0.478,0.0,0.05,0.04,0.154,0.2,0.0,0.333,0.25,0.429,0.429,0.227
0022400632,1610612740,NOP,New Orleans,1627749,Dejounte Murray,Dejounte,G,,31.000000:11,0.313,0.333,0.291,0.143,0.211,0.385,0.368,0.0,0.375,0.286,0.389,0.429,0.0,0.0,0.0,0.0,0.25,0.325
0022400632,1610612740,NOP,New Orleans,1629750,Javonte Green,Javonte,,,22.000000:08,0.14,0.143,0.143,0.333,0.294,0.0,0.0,0.6,0.125,0.238,0.071,0.4,0.0,0.0,0.0,0.667,0.0,0.125
0022400632,1610612740,NOP,New Orleans,1641722,Jordan Hawkins,Jordan,,,31.000000:36,0.261,0.308,0.327,0.444,0.4,0.0,0.0,0.0,0.111,0.08,0.063,0.111,0.4,0.0,0.0,0.0,0.0,0.267
0022400632,1610612740,NOP,New Orleans,1628464,Daniel Theis,Daniel,,,15.000000:46,0.073,0.143,0.094,0.0,0.0,0.0,0.0,0.5,0.167,0.25,0.25,0.0,0.5,0.0,0.0,0.0,0.0,0.091
0022400632,1610612740,NOP,New Orleans,1630631,Jose Alvarado,Jose,,,18.000000:11,0.211,0.188,0.2,0.286,0.188,0.111,0.154,0.0,0.091,0.071,0.462,0.286,0.2,0.0,1.0,0.5,0.286,0.188
0022400632,1610612740,NOP,New Orleans,1631255,Karlo Matković,Karlo,,,2.000000:39,0.0,0.0,0.0,0.0,0.0,0.0,0.0,0.0,1.0,1.0,0.0,0.0,0.0,0.0,0.0,0.0,0.0,0.0
0022400632,1610612740,NOP,New Orleans,1631288,Jamal Cain,Jamal,,,2.000000:39,0.0,0.0,0.0,0.0,0.0,0.0,0.0,0.0,0.0,0.0,0.0,0.0,0.0,0.0,0.0,0.0,0.0,0.0
0022400632,1610612740,NOP,New Orleans,1630529,Herbert Jones,Herbert,,DND - Injury/Illness,,0.0,,,,,,,,,,,,,,,,,
0022400632,1610612763,MEM,Memphis,1642377,Jaylen Wells,Jaylen,F,,29.000000:38,0.098,0.068,0.111,0.118,0.16,0.0,0.0,0.0,0.0,0.0,0.147,0.0,0.4,0.0,0.0,0.222,0.0,0.074
0022400632,1610612763,MEM,Memphis,1628991,Jaren Jackson Jr.,Jaren,F,,32.000000:25,0.245,0.263,0.25,0.333,0.29,0.667,0.667,0.167,0.182,0.179,0.292,0.182,0.0,0.333,1.0,0.231,0.5,0.299
0022400632,1610612763,MEM,Memphis,1641744,Zach Edey,Zach,C,,23.000000:38,0.161,0.176,0.18,0.067,0.13,0.0,0.0,0.5,0.6,0.579,0.125,0.0,0.25,1.0,0.0,0.429,0.0,0.149
0022400632,1610612763,MEM,Memphis,1630217,Desmond Bane,Desmond,G,,33.000000:55,0.236,0.214,0.243,0.154,0.241,0.0,0.0,0.0,0.0,0.0,0.467,0.25,0.0,0.0,1.0,0.077,0.0,0.194
0022400632,1610612763,MEM,Memphis,1628379,Luke Kennard,Luke,G,,26.000000:38,0.235,0.294,0.259,0.438,0.333,0.0,0.0,0.333,0.118,0.15,0.231,0.125,0.167,0.0,0.0,0.0,0.2,0.307
0022400632,1610612763,MEM,Memphis,1641713,GG Jackson,GG,,,22.000000:01,0.251,0.182,0.235,0.25,0.235,0.5,0.5,0.167,0.556,0.333,0.0,0.5,0.0,0.0,0.0,0.0,0.5,0.2
0022400632,1610612763,MEM,Memphis,1630590,Scotty Pippen Jr.,Scotty,,,25.000000:12,0.247,0.227,0.216,0.0,0.158,0.5,0.5,0.167,0.083,0.125,0.231,0.429,0.5,0.0,0.0,0.364,0.5,0.241
0022400632,1610612763,MEM,Memphis,1629634,Brandon Clarke,Brandon,,,21.000000:17,0.2,0.333,0.208,0.0,0.0,0.0,0.0,0.583,0.2,0.409,0.0,0.167,1.0,0.0,0.0,0.455,0.0,0.298
0022400632,1610612763,MEM,Memphis,1629723,John Konchar,John,,,22.000000:11,0.053,0.091,0.064,0.143,0.1,0.0,0.0,0.091,0.25,0.174,0.0,0.0,0.0,0.0,0.0,0.1,0.2,0.089
0022400632,1610612763,MEM,Memphis,1630643,Jay Huff,Jay,,,3.000000:05,0.291,0.0,0.333,0.0,0.333,0.0,0.0,0.0,0.5,0.5,0.0,0.333,0.0,1.0,0.0,0.0,0.0,0.0
0022400632,1610612763,MEM,Memphis,1631222,Jake LaRavia,Jake,,DND - Injury/Illness,,0.0,,,,,,,,,,,,,,,,,
0022400632,1610612763,MEM,Memphis,1631246,Vince Williams Jr.,Vince,,DND - Injury/Illness,,0.0,,,,,,,,,,,,,,,,,
0022401017,1610612766,CHA,Charlotte,1629610,DaQuan Jeffries,DaQuan,F,,23.000000:30,0.237,0.167,0.25,0.273,0.273,0.333,0.333,0.0,0.0,0.0,0.071,0.125,0.0,0.5,0.4,0.143,0.2,0.208
0022401017,1610612766,CHA,Charlotte,1628970,Miles Bridges,Miles,F,,25.000000:47,0.303,0.25,0.293,0.286,0.357,0.545,0.545,0.0,0.231,0.214,0.235,0.143,0.333,0.5,0.0,0.2,0.4,0.308
0022401017,1610612766,CHA,Charlotte,203994,Jusuf Nurkić,Jusuf,C,,23.000000:59,0.103,0.118,0.139,0.091,0.087,0.077,0.077,1.0,0.571,0.6,0.385,0.0,0.333,1.0,0.0,0.429,0.3,0.103
0022401017,1610612766,CHA,Charlotte,1630182,Josh Green,Josh,G,,24.000000:44,0.265,0.25,0.256,0.182,0.217,0.0,0.0,0.0,0.077,0.071,0.125,0.429,0.5,0.0,1.0,0.167,0.125,0.207
0022401017,1610612766,CHA,Charlotte,1642354,KJ Simpson,KJ,G,,32.000000:44,0.118,0.08,0.077,0.133,0.1,0.308,0.308,0.0,0.056,0.048,0.444,0.2,0.2,0.0,0.0,0.1,0.182,0.128
0022401017,1610612766,CHA,Charlotte,1631111,Wendell Moore Jr.,Wendell,,,27.000000:00,0.136,0.105,0.133,0.286,0.167,0.0,0.0,0.2,0.364,0.313,0.071,0.182,0.2,0.5,0.167,0.333,0.0,0.118
0022401017,1610612766,CHA,Charlotte,1631217,Moussa Diabaté,Moussa,,,21.000000:55,0.208,0.333,0.2,0.0,0.0,0.0,0.0,0.6,0.571,0.583,0.2,0.25,0.333,0.0,0.167,0.0,0.0,0.286
0022401017,1610612766,CHA,Charlotte,1641733,Nick Smith Jr.,Nick,,,26.000000:27,0.307,0.238,0.304,0.444,0.45,0.0,0.0,0.0,0.0,0.0,0.176,0.4,0.0,0.0,0.167,0.143,0.0,0.246
0022401017,1610612766,CHA,Charlotte,203552,Seth Curry,Seth,,,22.000000:01,0.19,0.278,0.205,0.143,0.176,0.0,0.0,0.0,0.0,0.0,0.133,0.143,0.0,0.0,0.2,0.2,0.286,0.239
0022401017,1610612766,CHA,Charlotte,201959,Taj Gibson,Taj,,,11.000000:53,0.111,0.222,0.136,0.0,0.0,0.0,0.0,0.333,0.4,0.375,0.0,0.0,0.0,0.0,0.0,0.5,0.0,0.182
0022401017,1610612766,CHA,Charlotte,1629684,Grant Williams,Grant,,DND - Injury/Illness,,0.0,,,,,,,,,,,,,,,,,
0022401017,1610612760,OKC,Oklahoma City,1630598,Aaron Wiggins,Aaron,F,,26.000000:45,0.138,0.125,0.153,0.231,0.261,0.0,0.0,0.0,0.095,0.069,0.059,0.0,0.75,0.0,0.0,0.0,0.0,0.138
0022401017,1610612760,OKC,Oklahoma City,1631096,Chet Holmgren,Chet,F,,27.000000:38,0.221,0.194,0.207,0.167,0.133,0.143,0.364,0.143,0.19,0.179,0.067,0.2,0.167,0.6,0.5,0.0,0.375,0.187
0022401017,1610612760,OKC,Oklahoma City,1628392,Isaiah Hartenstein,Isaiah,C,,24.000000:42,0.23,0.214,0.245,0.0,0.077,0.0,0.111,0.714,0.263,0.385,0.286,0.25,0.0,0.2,0.5,0.333,0.143,0.179
0022401017,1610612760,OKC,Oklahoma City,1641717,Cason Wallace,Cason,G,,26.000000:00,0.139,0.179,0.145,0.1,0.15,0.0,0.0,0.25,0.056,0.115,0.385,0.167,0.286,0.5,0.0,0.125,0.0,0.155
0022401017,1610612760,OKC,Oklahoma City,1628983,Shai Gilgeous-Alexander,Shai,G,,29.000000:36,0.286,0.371,0.295,0.182,0.1,0.333,0.222,0.0,0.273,0.214,0.45,0.2,0.167,0.0,0.333,0.4,0.286,0.345
0022401017,1610612760,OKC,Oklahoma City,1631119,Jaylin Williams,Jaylin,,,23.000000:18,0.182,0.154,0.171,0.2,0.192,0.429,0.5,0.0,0.357,0.294,0.267,0.0,0.0,0.0,0.0,0.286,0.333,0.189
0022401017,1610612760,OKC,Oklahoma City,1629026,Kenrich Williams,Kenrich,,,17.000000:28,0.13,0.167,0.133,0.3,0.222,0.222,0.2,0.0,0.091,0.071,0.0,0.0,0.0,0.0,0.0,0.125,0.167,0.2
0022401017,1610612760,OKC,Oklahoma City,1627936,Alex Caruso,Alex,,,14.000000:51,0.159,0.125,0.115,0.2,0.091,0.571,0.5,0.0,0.3,0.273,0.0,0.0,0.333,0.25,0.0,0.25,0.4,0.205
0022401017,1610612760,OKC,Oklahoma City,1630198,Isaiah Joe,Isaiah,,,20.000000:37,0.265,0.238,0.286,0.444,0.529,0.0,0.0,0.333,0.083,0.133,0.0,0.4,0.0,0.0,0.0,0.4,0.125,0.23
0022401017,1610612760,OKC,Oklahoma City,1641794,Dillon Jones,Dillon,,,8.000000:50,0.224,0.2,0.267,0.0,0.111,0.0,0.0,0.0,0.5,0.429,0.143,0.0,0.0,0.0,1.0,0.0,0.0,0.148
0022401017,1610612760,OKC,Oklahoma City,1641745,Adam Flagler,Adam,,,7.000000:19,0.2,0.222,0.231,0.2,0.25,0.0,0.0,1.0,0.25,0.4,0.667,0.0,0.0,0.0,0.0,0.0,0.0,0.217
0022401017,1610612760,OKC,Oklahoma City,1642382,Branden Carlson,Branden,,,6.000000:45,0.143,0.111,0.154,0.2,0.25,0.0,0.0,0.0,0.25,0.2,0.0,0.0,0.0,1.0,0.0,0.0,1.0,0.13
0022401017,1610612760,OKC,Oklahoma City,1642505,Alex Ducas,Alex,,,6.000000:11,0.167,0.143,0.091,0.25,0.143,0.0,0.0,0.0,0.0,0.0,0.0,1.0,1.0,0.0,0.0,0.0,0.0,0.167
0022400388,1610612745,HOU,Houston,1628415,Dillon Brooks,Dillon,F,,36.000000:60,0.272,0.207,0.188,0.4,0.333,0.591,0.519,0.154,0.16,0.158,0.167,0.375,0.333,0.0,0.0,0.4,0.474,0.318
0022400388,1610612745,HOU,Houston,1631095,Jabari Smith Jr.,Jabari,F,,37.000000:03,0.154,0.138,0.129,0.333,0.15,0.24,0.194,0.2,0.2,0.2,0.0,0.214,0.1,0.667,0.667,0.222,0.174,0.174
0022400388,1610612745,HOU,Houston,1630578,Alperen Sengun,Alperen,C,,32.000000:39,0.244,0.259,0.23,0.0,0.111,0.158,0.217,0.273,0.241,0.25,0.385,0.333,0.429,0.4,0.5,0.25,0.235,0.224
0022400388,1610612745,HOU,Houston,1630224,Jalen Green,Jalen,G,,33.000000:35,0.271,0.36,0.351,0.333,0.364,0.091,0.111,0.091,0.261,0.206,0.182,0.125,0.0,0.0,0.0,0.0,0.158,0.282
0022400388,1610612745,HOU,Houston,1627832,Fred VanVleet,Fred,G,,37.000000:30,0.115,0.033,0.154,0.0,0.217,0.0,0.0,0.154,0.24,0.211,0.357,0.056,0.222,0.0,0.0,0.167,0.0,0.022
0022400388,1610612745,HOU,Houston,1629111,Jock Landale,Jock,,,3.000000:22,0.0,0.0,0.0,0.0,0.0,0.0,0.0,0.0,0.0,0.0,0.0,0.0,0.0,0.0,0.0,0.0,0.0,0.0
0022400388,1610612745,HOU,Houston,1641708,Amen Thompson,Amen,,,23.000000:07,0.16,0.174,0.149,0.0,0.0,0.25,0.3,0.3,0.125,0.192,0.2,0.182,0.0,0.0,0.0,0.143,0.3,0.169
0022400388,1610612745,HOU,Houston,1641715,Cam Whitmore,Cam,,,14.000000:20,0.288,0.333,0.333,0.5,0.286,0.0,0.0,0.4,0.154,0.222,0.111,0.167,0.2,0.0,0.0,0.0,0.0,0.306
0022400388,1610612745,HOU,Houston,1642263,Reed Sheppard,Reed,,,6.000000:12,0.123,0.25,0.091,1.0,0.25,0.0,0.0,0.0,0.333,0.286,0.0,0.333,0.0,0.0,0.0,0.0,0.0,0.231
0022400388,1610612745,HOU,Houston,1630256,Jae'Sean Tate,Jae'Sean,,,15.000000:12,0.167,0.188,0.167,0.0,0.0,0.125,0.222,0.2,0.0,0.111,0.143,0.0,0.286,0.0,0.0,0.5,0.25,0.163
0022400388,1610612745,HOU,Houston,203500,Steven Adams,Steven,,DNP - Coach's Decision,,0.0,,,,,,,,,,,,,,,,,
0022400388,1610612745,HOU,Houston,201145,Jeff Green,Jeff,,DNP - Coach's Decision,,0.0,,,,,,,,,,,,,,,,,
0022400388,1610612745,HOU,Houston,1628988,Aaron Holiday,Aaron,,DNP - Coach's Decision,,0.0,,,,,,,,,,,,,,,,,
0022400388,1610612745,HOU,Houston,1629098,Jack McVeigh,Jack,,DNP - Coach's Decision,,0.0,,,,,,,,,,,,,,,,,
0022400388,1610612761,TOR,Toronto,1642266,Ja'Kobe Walter,Ja'Kobe,F,,27.000000:52,0.314,0.409,0.36,0.667,0.478,0.375,0.364,0.286,0.0,0.1,0.176,0.083,0.0,0.0,0.667,0.4,0.3,0.443
0022400388,1610612761,TOR,Toronto,1630534,Ochai Agbaji,Ochai,F,,32.000000:07,0.188,0.241,0.219,0.077,0.097,0.0,0.0,0.111,0.2,0.172,0.045,0.083,0.25,0.0,0.25,0.0,0.0,0.195
0022400388,1610612761,TOR,Toronto,1642367,Jonathan Mogbo,Jonathan,C,,16.000000:09,0.08,0.077,0.1,0.0,0.071,0.167,0.125,0.0,0.429,0.333,0.091,0.0,0.0,1.0,0.0,0.273,0.167,0.079
0022400388,1610612761,TOR,Toronto,1641711,Gradey Dick,Gradey,G,,31.000000:20,0.164,0.172,0.145,0.154,0.103,0.286,0.3,0.111,0.053,0.071,0.286,0.231,0.333,0.0,0.25,0.176,0.444,0.179
0022400388,1610612761,TOR,Toronto,1630567,Scottie Barnes,Scottie,G,,38.000000:53,0.196,0.067,0.2,0.0,0.2,0.286,0.364,0.333,0.259,0.278,0.16,0.118,0.333,0.0,0.0,0.136,0.2,0.072
0022400388,1610612761,TOR,Toronto,203482,Kelly Olynyk,Kelly,,,24.000000:56,0.205,0.136,0.167,0.25,0.182,0.0,0.0,0.333,0.35,0.346,0.25,0.333,0.333,0.5,0.0,0.5,0.6,0.151
0022400388,1610612761,TOR,Toronto,1628449,Chris Boucher,Chris,,,19.000000:12,0.308,0.3,0.289,0.4,0.333,0.333,0.25,0.2,0.0,0.059,0.25,0.444,0.125,0.0,0.333,0.286,0.167,0.313
0022400388,1610612761,TOR,Toronto,1642347,Jamal Shead,Jamal,,,32.000000:56,0.125,0.167,0.113,0.111,0.115,0.0,0.0,0.0,0.261,0.207,0.435,0.214,0.286,1.0,0.0,0.118,0.0,0.147
0022400388,1610612761,TOR,Toronto,1642419,Jamison Battle,Jamison,,,16.000000:35,0.22,0.267,0.226,0.5,0.333,0.0,0.0,0.5,0.214,0.25,0.0,0.222,0.0,0.0,0.5,0.125,0.0,0.297
0022400388,1610612761,TOR,Toronto,1629628,RJ Barrett,RJ,,NWT - Injury/Illness,,0.0,,,,,,,,,,,,,,,,,
0022400388,1610612761,TOR,Toronto,1642279,Ulrich Chomche,Ulrich,,DNP - Coach's Decision,,0.0,,,,,,,,,,,,,,,,,
0022400388,1610612761,TOR,Toronto,1628981,Bruno Fernando,Bruno,,DNP - Coach's Decision,,0.0,,,,,,,,,,,,,,,,,
0022400388,1610612761,TOR,Toronto,1630639,A.J. Lawson,A.J.,,DNP - Coach's Decision,,0.0,,,,,,,,,,,,,,,,,
0022400388,1610612761,TOR,Toronto,1630558,Davion Mitchell,Davion,,DNP - Coach's Decision,,0.0,,,,,,,,,,,,,,,,,
0022400388,1610612761,TOR,Toronto,202066,Garrett Temple,Garrett,,DNP - Coach's Decision,,0.0,,,,,,,,,,,,,,,,,
0022400463,1610612754,IND,Indiana,1631097,Bennedict Mathurin,Bennedict,F,,29.000000:38,0.223,0.156,0.203,0.111,0.208,0.167,0.1,0.125,0.059,0.08,0.043,0.75,0.0,0.0,1.0,0.2,0.111,0.152
0022400463,1610612754,IND,Indiana,1627783,Pascal Siakam,Pascal,F,,31.000000:54,0.203,0.242,0.203,0.1,0.074,0.125,0.308,0.4,0.35,0.367,0.167,0.0,0.0,0.0,0.5,0.1,0.2,0.214
0022400463,1610612754,IND,Indiana,1626167,Myles Turner,Myles,C,,34.000000:38,0.2,0.205,0.217,0.2,0.192,0.333,0.286,0.1,0.222,0.179,0.077,0.0,0.167,0.667,0.5,0.5,0.25,0.216
0022400463,1610612754,IND,Indiana,1629614,Andrew Nembhard,Andrew,G,,29.000000:07,0.108,0.103,0.121,0.0,0.091,0.0,0.0,0.333,0.188,0.24,0.286,0.0,0.2,0.0,0.0,0.167,0.222,0.085
0022400463,1610612754,IND,Indiana,1630169,Tyrese Haliburton,Tyrese,G,,34.000000:40,0.281,0.302,0.309,0.429,0.419,0.167,0.25,0.1,0.2,0.167,0.536,0.0,0.5,0.25,0.0,0.111,0.3,0.311
0022400463,1610612754,IND,Indiana,1630167,Obi Toppin,Obi,,,20.000000:19,0.207,0.217,0.214,0.2,0.211,0.0,0.0,0.2,0.5,0.4,0.0,0.25,0.0,0.0,0.5,0.1,0.0,0.211
0022400463,1610612754,IND,Indiana,1628418,Thomas Bryant,Thomas,,,7.000000:07,0.2,0.143,0.231,0.25,0.429,0.0,0.0,0.0,0.0,0.0,0.2,0.0,0.0,0.0,0.0,0.2,0.0,0.167
0022400463,1610612754,IND,Indiana,204456,T.J. McConnell,T.J.,,,18.000000:53,0.195,0.182,0.184,0.0,0.0,0.0,0.0,0.0,0.1,0.071,0.286,0.4,0.25,0.0,0.0,0.2,0.0,0.14
0022400463,1610612754,IND,Indiana,1641767,Ben Sheppard,Ben,,,19.000000:53,0.063,0.053,0.073,0.125,0.176,0.0,0.0,0.4,0.0,0.143,0.083,0.0,0.6,0.5,0.0,0.182,0.0,0.061
0022400463,1610612754,IND,Indiana,1641716,Jarace Walker,Jarace,,,13.000000:20,0.244,0.375,0.214,1.0,0.333,1.0,1.0,0.0,0.167,0.111,0.143,0.0,0.2,0.0,0.0,0.286,0.667,0.545
0022400463,1610612754,IND,Indiana,1642277,Johnny Furphy,Johnny,,,0.000000:31,0.0,0.0,0.0,0.0,0.0,0.0,0.0,0.0,0.0,0.0,0.0,0.0,0.0,0.0,0.0,1.0,0.0,0.0
0022400463,1610612754,IND,Indiana,201949,James Johnson,James,,DNP - Coach's Decision,,0.0,,,,,,,,,,,,,,,,,
0022400463,1610612754,IND,Indiana,1630174,Aaron Nesmith,Aaron,,DND - Injury/Illness,,0.0,,,,,,,,,,,,,,,,,
0022400463,1610612748,MIA,Miami,202710,Jimmy Butler III,Jimmy,F,,26.000000:31,0.147,0.143,0.146,0.2,0.143,0.154,0.133,0.0,0.154,0.125,0.25,0.143,0.5,0.0,0.0,0.0,0.25,0.15
0022400463,1610612748,MIA,Miami,1629312,Haywood Highsmith,Haywood,F,,18.000000:05,0.131,0.214,0.138,0.0,0.083,0.0,0.0,0.333,0.25,0.267,0.2,0.167,0.0,0.0,0.0,0.6,0.0,0.162
0022400463,1610612748,MIA,Miami,1628389,Bam Adebayo,Bam,C,,25.000000:09,0.305,0.333,0.273,0.0,0.056,0.667,0.75,0.75,0.294,0.381,0.118,0.2,0.25,0.0,0.5,0.0,0.5,0.333
0022400463,1610612748,MIA,Miami,1629130,Duncan Robinson,Duncan,G,,18.000000:09,0.151,0.111,0.147,0.5,0.308,0.0,0.0,0.0,0.111,0.083,0.286,0.333,0.0,0.0,0.0,0.0,0.0,0.13
0022400463,1610612748,MIA,Miami,1629639,Tyler Herro,Tyler,G,,35.000000:45,0.197,0.176,0.203,0.273,0.292,0.286,0.222,0.0,0.107,0.091,0.111,0.231,0.0,0.0,0.333,0.167,0.2,0.198
0022400463,1610612748,MIA,Miami,1626179,Terry Rozier,Terry,,,29.000000:40,0.265,0.207,0.25,0.0,0.214,0.333,0.286,0.0,0.238,0.217,0.304,0.3,0.0,0.0,0.333,0.375,0.417,0.211
0022400463,1610612748,MIA,Miami,1642276,Kel'el Ware,Kel'el,,,21.000000:27,0.313,0.474,0.367,0.6,0.5,0.333,0.385,0.0,0.0,0.0,0.059,0.111,0.5,0.5,0.0,0.286,0.3,0.455
0022400463,1610612748,MIA,Miami,1631107,Nikola Jović,Nikola,,,25.000000:06,0.176,0.136,0.184,0.0,0.222,0.182,0.167,0.0,0.133,0.118,0.278,0.125,0.25,0.0,0.0,0.2,0.125,0.136
0022400463,1610612748,MIA,Miami,1631170,Jaime Jaquez Jr.,Jaime,,,15.000000:14,0.092,0.0,0.125,0.0,0.0,0.0,0.0,0.5,0.2,0.235,0.455,0.0,1.0,0.0,1.0,0.25,0.0,0.0
0022400463,1610612748,MIA,Miami,202692,Alec Burks,Alec,,,8.000000:50,0.055,0.2,0.1,0.5,0.2,0.0,0.0,0.0,0.333,0.333,0.0,0.0,0.0,0.0,0.0,0.0,0.0,0.188
0022400463,1610612748,MIA,Miami,1642352,Keshad Johnson,Keshad,,,12.000000:00,0.126,0.167,0.125,0.25,0.167,0.0,0.0,0.0,0.5,0.5,0.091,0.167,0.0,0.5,0.0,0.2,0.0,0.156
0022400463,1610612748,MIA,Miami,1630528,Josh Christopher,Josh,,,2.000000:02,0.347,0.0,0.0,0.0,0.0,0.0,0.0,0.0,0.667,0.667,0.0,1.0,0.0,0.0,0.0,0.0,0.0,0.0
0022400463,1610612748,MIA,Miami,1641796,Pelle Larsson,Pelle,,,2.000000:02,0.0,0.0,0.0,0.0,0.0,0.0,0.0,0.0,0.0,0.0,0.0,0.0,0.0,0.0,0.0,0.0,0.0,0.0
0022400463,1610612748,MIA,Miami,201567,Kevin Love,Kevin,,DNP - Coach's Decision,,0.0,,,,,,,,,,,,,,,,,
0022401001,1610612740,NOP,New Orleans,1629627,Zion Williamson,Zion,F,,30.000000:16,0.31,0.387,0.281,0.0,0.0,0.714,0.643,0.0,0.2,0.161,0.444,0.273,0.75,0.0,0.0,0.278,0.571,0.382
0022401001,1610612740,NOP,New Orleans,203482,Kelly Olynyk,Kelly,F,,29.000000:53,0.144,0.214,0.148,0.143,0.067,0.0,0.0,0.286,0.1,0.148,0.0,0.25,0.25,0.25,0.0,0.286,0.0,0.181
0022401001,1610612740,NOP,New Orleans,1642274,Yves Missi,Yves,C,,26.000000:05,0.227,0.24,0.255,0.0,0.0,0.125,0.267,0.5,0.286,0.35,0.143,0.0,0.0,0.75,0.6,0.091,0.333,0.203
0022401001,1610612740,NOP,New Orleans,203468,CJ McCollum,CJ,G,,32.000000:27,0.282,0.233,0.316,0.3,0.474,0.1,0.105,0.143,0.217,0.2,0.158,0.222,0.0,0.0,0.0,0.176,0.077,0.225
0022401001,1610612740,NOP,New Orleans,1630631,Jose Alvarado,Jose,G,,25.000000:42,0.114,0.111,0.106,0.4,0.444,0.0,0.0,0.0,0.176,0.136,0.375,0.222,0.0,0.0,0.0,0.0,0.091,0.121
0022401001,1610612740,NOP,New Orleans,1628971,Bruce Brown,Bruce,,,31.000000:06,0.177,0.167,0.177,0.364,0.292,0.167,0.167,0.3,0.154,0.194,0.316,0.167,0.0,0.0,0.2,0.222,0.1,0.195
0022401001,1610612740,NOP,New Orleans,1631255,Karlo Matković,Karlo,,,19.000000:15,0.106,0.105,0.108,0.0,0.067,0.25,0.143,0.0,0.063,0.05,0.182,0.143,0.0,0.5,0.0,0.167,0.222,0.104
0022401001,1610612740,NOP,New Orleans,1641722,Jordan Hawkins,Jordan,,,22.000000:51,0.237,0.182,0.238,0.286,0.353,0.5,0.444,0.0,0.333,0.261,0.077,0.111,1.0,0.333,0.0,0.333,0.3,0.228
0022401001,1610612740,NOP,New Orleans,1630526,Jeremiah Robinson-Earl,Jeremiah,,,22.000000:25,0.115,0.087,0.119,0.167,0.063,0.0,0.0,0.4,0.313,0.333,0.0,0.125,0.0,0.0,1.0,0.167,0.0,0.091
0022401001,1610612740,NOP,New Orleans,1628964,Mo Bamba,Mo,,DNP - Coach's Decision,,0.0,,,,,,,,,,,,,,,,,
0022401001,1610612740,NOP,New Orleans,1631232,Keion Brooks Jr.,Keion,,DNP - Coach's Decision,,0.0,,,,,,,,,,,,,,,,,
0022401001,1610612740,NOP,New Orleans,1641810,Antonio Reeves,Antonio,,DNP - Coach's Decision,,0.0,,,,,,,,,,,,,,,,,
0022401001,1610612750,MIN,Minnesota,1630183,Jaden McDaniels,Jaden,F,,24.000000:09,0.085,0.111,0.111,0.125,0.111,0.0,0.0,0.0,0.0,0.0,0.364,0.0,0.0,0.5,0.5,0.4,0.0,0.096
0022401001,1610612750,MIN,Minnesota,203944,Julius Randle,Julius,F,,27.000000:33,0.281,0.35,0.227,0.182,0.154,0.083,0.133,0.0,0.2,0.158,0.231,0.6,0.0,0.25,0.0,0.182,0.1,0.27
0022401001,1610612750,MIN,Minnesota,203497,Rudy Gobert,Rudy,C,,31.000000:08,0.102,0.12,0.078,0.0,0.0,0.222,0.273,0.286,0.389,0.36,0.063,0.0,0.0,0.2,0.25,0.267,0.25,0.128
0022401001,1610612750,MIN,Minnesota,1630162,Anthony Edwards,Anthony,G,,37.000000:43,0.349,0.192,0.328,0.333,0.345,0.625,0.567,0.4,0.154,0.194,0.222,0.167,0.25,0.2,0.333,0.0,0.444,0.33
0022401001,1610612750,MIN,Minnesota,201144,Mike Conley,Mike,G,,28.000000:20,0.151,0.261,0.178,0.364,0.24,0.0,0.0,0.0,0.118,0.091,0.143,0.143,1.0,0.0,0.0,0.111,0.154,0.229
0022401001,1610612750,MIN,Minnesota,1629675,Naz Reid,Naz,,,33.000000:34,0.17,0.13,0.204,0.182,0.25,0.042,0.065,0.286,0.2,0.219,0.308,0.111,0.143,0.333,0.25,0.091,0.045,0.111
0022401001,1610612750,MIN,Minnesota,1628978,Donte DiVincenzo,Donte,,,23.000000:34,0.209,0.267,0.231,0.286,0.278,0.045,0.077,0.2,0.353,0.318,0.1,0.286,0.143,0.0,0.0,0.182,0.067,0.186
0022401001,1610612750,MIN,Minnesota,1629638,Nickeil Alexander-Walker,Nickeil,,,21.000000:09,0.233,0.067,0.194,0.0,0.167,0.467,0.412,0.333,0.125,0.182,0.286,0.25,0.4,0.0,0.25,0.333,0.429,0.176
0022401001,1610612750,MIN,Minnesota,1641740,Jaylen Clark,Jaylen,,,11.000000:46,0.182,0.4,0.238,0.25,0.2,0.0,0.0,0.0,0.222,0.154,0.0,0.0,0.333,0.0,0.0,0.5,0.25,0.29
0022401001,1610612750,MIN,Minnesota,1630545,Terrence Shannon Jr.,Terrence,,,1.000000:04,0.0,0.0,0.0,0.0,0.0,0.0,0.0,0.0,0.0,0.0,0.0,0.0,0.0,0.0,0.0,0.0,0.0,0.0
0022401001,1610612750,MIN,Minnesota,1642265,Rob Dillingham,Rob,,DNP - Coach's Decision,,0.0,,,,,,,,,,,,,,,,,
0022401001,1610612750,MIN,Minnesota,1630568,Luka Garza,Luka,,DNP - Coach's Decision,,0.0,,,,,,,,,,,,,,,,,
0022401001,1610612750,MIN,Minnesota,1630538,Bones Hyland,Bones,,DNP - Coach's Decision,,0.0,,,,,,,,,,,,,,,,,
0022401001,1610612750,MIN,Minnesota,204060,Joe Ingles,Joe,,DNP - Coach's Decision,,0.0,,,,,,,,,,,,,,,,,
0022401001,1610612750,MIN,Minnesota,1631169,Josh Minott,Josh,,DNP - Coach's Decision,,0.0,,,,,,,,,,,,,,,,,
0022400979,1610612753,ORL,Orlando,1630532,Franz Wagner,Franz,F,,35.000000:47,0.329,0.333,0.317,0.167,0.316,0.217,0.2,0.3,0.208,0.235,0.133,0.467,0.125,0.0,0.0,0.214,0.158,0.286
0022400979,1610612753,ORL,Orlando,1631094,Paolo Banchero,Paolo,F,,38.000000:05,0.327,0.231,0.344,0.273,0.308,0.429,0.458,0.182,0.31,0.275,0.438,0.143,0.143,1.0,0.0,0.053,0.412,0.286
0022400979,1610612753,ORL,Orlando,1628976,Wendell Carter Jr.,Wendell,C,,35.000000:08,0.18,0.25,0.217,0.182,0.167,0.091,0.115,0.545,0.286,0.359,0.067,0.083,0.0,0.0,0.0,0.167,0.167,0.198
0022400979,1610612753,ORL,Orlando,203484,Kentavious Caldwell-Pope,Kentavious,G,,30.000000:16,0.151,0.227,0.164,0.273,0.217,0.111,0.091,0.0,0.08,0.057,0.231,0.125,0.2,0.0,0.0,0.313,0.063,0.205
0022400979,1610612753,ORL,Orlando,202709,Cory Joseph,Cory,G,,24.000000:30,0.07,0.056,0.091,0.143,0.2,0.0,0.0,0.125,0.118,0.12,0.308,0.0,1.0,0.0,1.0,0.286,0.1,0.057
0022400979,1610612753,ORL,Orlando,1631216,Caleb Houstan,Caleb,,,6.000000:58,0.136,0.2,0.091,0.0,0.0,0.0,0.0,0.0,0.0,0.0,0.0,0.5,0.0,0.0,0.0,0.2,0.0,0.125
0022400979,1610612753,ORL,Orlando,1630175,Cole Anthony,Cole,,,6.000000:01,0.179,0.0,0.091,0.0,0.0,0.5,0.5,0.0,0.5,0.333,0.0,0.25,0.0,0.0,0.0,0.0,0.5,0.154
0022400979,1610612753,ORL,Orlando,1641710,Anthony Black,Anthony,,,22.000000:20,0.234,0.333,0.194,0.429,0.188,0.444,0.5,0.0,0.2,0.143,0.25,0.2,0.286,0.0,0.0,0.4,0.5,0.37
0022400979,1610612753,ORL,Orlando,1628371,Jonathan Isaac,Jonathan,,,6.000000:39,0.126,0.25,0.167,0.0,0.2,0.0,0.0,0.0,0.2,0.167,0.0,0.0,1.0,1.0,0.0,0.0,0.0,0.182
0022400979,1610612753,ORL,Orlando,1641783,Tristan da Silva,Tristan,,,8.000000:01,0.097,0.0,0.154,0.0,0.25,0.0,0.0,1.0,0.0,0.333,0.0,0.0,0.0,0.0,0.0,0.0,0.0,0.0
0022400979,1610612753,ORL,Orlando,203914,Gary Harris,Gary,,,20.000000:03,0.022,0.067,0.033,0.0,0.0,0.0,0.0,0.0,0.176,0.143,0.111,0.0,0.333,0.0,0.0,0.0,0.0,0.04
0022400979,1610612753,ORL,Orlando,1629048,Goga Bitadze,Goga,,,6.000000:13,0.137,0.0,0.0,0.0,0.0,1.0,0.667,0.0,0.0,0.0,0.333,0.0,0.0,1.0,0.0,1.0,0.667,0.188
0022400979,1610612753,ORL,Orlando,1641724,Jett Howard,Jett,,DNP - Coach's Decision,,0.0,,,,,,,,,,,,,,,,,
0022400979,1610612739,CLE,Cleveland,1629622,Max Strus,Max,F,,27.000000:13,0.132,0.16,0.136,0.2,0.2,0.1,0.143,0.1,0.263,0.207,0.357,0.0,0.0,0.0,0.0,0.133,0.188,0.154
0022400979,1610612739,CLE,Cleveland,1629631,De'Andre Hunter,De'Andre,F,,29.000000:11,0.197,0.077,0.18,0.2,0.238,0.4,0.286,0.3,0.1,0.167,0.067,0.25,0.333,0.0,0.0,0.267,0.188,0.134
0022400979,1610612739,CLE,Cleveland,1628386,Jarrett Allen,Jarrett,C,,32.000000:20,0.173,0.296,0.164,0.0,0.0,0.333,0.333,0.231,0.391,0.333,0.125,0.0,0.0,1.0,0.0,0.235,0.389,0.282
0022400979,1610612739,CLE,Cleveland,1628378,Donovan Mitchell,Donovan,G,,34.000000:13,0.38,0.3,0.412,0.375,0.5,0.2,0.143,0.3,0.15,0.2,0.313,0.3,0.143,0.0,0.333,0.176,0.154,0.295
0022400979,1610612739,CLE,Cleveland,1629636,Darius Garland,Darius,G,,33.000000:05,0.259,0.267,0.225,0.333,0.185,0.091,0.125,0.071,0.208,0.158,0.235,0.714,0.667,0.0,1.0,0.125,0.118,0.247
0022400979,1610612739,CLE,Cleveland,1629660,Ty Jerome,Ty,,,24.000000:41,0.232,0.263,0.2,0.2,0.095,0.2,0.4,0.143,0.0,0.045,0.111,0.273,0.0,0.0,0.0,0.0,0.25,0.25
0022400979,1610612739,CLE,Cleveland,1629731,Dean Wade,Dean,,,21.000000:55,0.058,0.063,0.053,0.167,0.1,0.0,0.0,0.333,0.286,0.3,0.0,0.091,0.75,0.0,0.0,0.286,0.0,0.073
0022400979,1610612739,CLE,Cleveland,1630241,Sam Merrill,Sam,,,18.000000:49,0.168,0.143,0.229,0.2,0.368,0.0,0.0,0.0,0.083,0.056,0.333,0.0,0.0,0.0,0.0,0.143,0.0,0.139
0022400979,1610612739,CLE,Cleveland,202684,Tristan Thompson,Tristan,,,10.000000:41,0.037,0.0,0.053,0.0,0.0,0.0,0.0,0.5,0.333,0.375,0.2,0.0,0.0,0.0,0.5,1.0,1.0,0.0
0022400979,1610612739,CLE,Cleveland,1630171,Isaac Okoro,Isaac,,,7.000000:53,0.112,0.5,0.118,0.0,0.125,0.0,0.0,0.5,0.143,0.222,0.0,0.0,0.0,0.0,0.0,0.25,0.0,0.4
0022400979,1610612739,CLE,Cleveland,1629750,Javonte Green,Javonte,,DNP - Coach's Decision,,0.0,,,,,,,,,,,,,,,,,
0022400979,1610612739,CLE,Cleveland,1641854,Craig Porter Jr.,Craig,,DNP - Coach's Decision,,0.0,,,,,,,,,,,,,,,,,
0022400979,1610612739,CLE,Cleveland,1642281,Jaylon Tyson,Jaylon,,DNP - Coach's Decision,,0.0,,,,,,,,,,,,,,,,,
0022400401,1610612757,POR,Portland,203924,Jerami Grant,Jerami,F,,20.000000:01,0.164,0.059,0.184,0.333,0.308,0.0,0.0,0.0,0.063,0.043,0.222,0.111,0.0,0.0,0.0,0.286,0.167,0.075
0022400401,1610612757,POR,Portland,1641739,Toumani Camara,Toumani,F,,29.000000:43,0.094,0.077,0.102,0.2,0.238,0.0,0.0,0.364,0.381,0.375,0.0,0.083,0.0,0.0,0.0,0.167,0.091,0.079
0022400401,1610612757,POR,Portland,1629028,Deandre Ayton,Deandre,C,,25.000000:43,0.188,0.348,0.216,0.0,0.0,0.0,0.0,0.4,0.278,0.321,0.0,0.091,0.5,0.0,0.0,0.25,0.0,0.296
0022400401,1610612757,POR,Portland,1631101,Shaedon Sharpe,Shaedon,G,,24.000000:13,0.259,0.25,0.286,0.2,0.235,0.0,0.0,0.0,0.118,0.08,0.25,0.111,0.75,0.0,0.0,0.1,0.25,0.245
0022400401,1610612757,POR,Portland,1629014,Anfernee Simons,Anfernee,G,,28.000000:53,0.196,0.192,0.214,0.0,0.158,0.0,0.0,0.0,0.0,0.0,0.333,0.182,0.0,0.0,0.0,0.133,0.0,0.159
0022400401,1610612757,POR,Portland,1630703,Scoot Henderson,Scoot,,,26.000000:04,0.265,0.2,0.229,0.5,0.2,0.333,0.25,0.1,0.357,0.25,0.4,0.444,0.333,0.0,0.333,0.313,0.389,0.25
0022400401,1610612757,POR,Portland,1630166,Deni Avdija,Deni,,,22.000000:57,0.308,0.333,0.268,0.667,0.333,0.5,0.571,0.5,0.167,0.3,0.333,0.25,0.0,1.0,1.0,0.267,0.357,0.388
0022400401,1610612757,POR,Portland,1642270,Donovan Clingan,Donovan,,,15.000000:18,0.151,0.167,0.185,0.0,0.143,0.0,0.0,0.25,0.2,0.214,0.111,0.143,0.0,0.0,0.0,0.182,0.0,0.118
0022400401,1610612757,POR,Portland,1630625,Dalano Banton,Dalano,,,12.000000:48,0.212,0.083,0.125,0.0,0.286,0.143,0.222,0.0,0.125,0.083,0.429,0.6,0.0,0.0,0.0,0.0,0.167,0.088
0022400401,1610612757,POR,Portland,1631200,Kris Murray,Kris,,,18.000000:24,0.102,0.053,0.105,0.0,0.1,0.0,0.0,0.0,0.182,0.118,0.2,0.125,0.0,0.0,0.0,0.333,0.1,0.043
0022400401,1610612757,POR,Portland,1631133,Jabari Walker,Jabari,,,7.000000:58,0.315,0.667,0.412,0.5,0.25,0.0,0.2,1.0,0.429,0.556,0.0,0.0,0.0,0.0,0.5,0.0,0.167,0.542
0022400401,1610612757,POR,Portland,1641712,Rayan Rupert,Rayan,,,7.000000:58,0.225,0.111,0.118,0.0,0.25,1.0,0.8,0.0,0.143,0.111,0.0,0.333,0.0,0.0,0.0,0.0,0.333,0.25
0022400401,1610612757,POR,Portland,1641871,Duop Reath,Duop,,DNP - Coach's Decision,,0.0,,,,,,,,,,,,,,,,,
0022400401,1610612757,POR,Portland,1629680,Matisse Thybulle,Matisse,,DND - Injury/Illness,,0.0,,,,,,,,,,,,,,,,,
0022400401,1610612757,POR,Portland,1629057,Robert Williams III,Robert,,DND - Injury/Illness,,0.0,,,,,,,,,,,,,,,,,
0022400401,1610612742,DAL,Dallas,202691,Klay Thompson,Klay,F,,18.000000:17,0.243,0.238,0.286,0.5,0.471,0.0,0.0,0.0,0.182,0.133,0.154,0.2,0.333,0.0,0.0,0.333,0.0,0.224
0022400401,1610612742,DAL,Dallas,1629023,P.J. Washington,P.J.,F,,23.000000:32,0.158,0.185,0.178,0.286,0.167,0.0,0.0,0.167,0.231,0.211,0.111,0.2,0.125,0.0,0.0,0.286,0.0,0.167
0022400401,1610612742,DAL,Dallas,1641726,Dereck Lively II,Dereck,C,,16.000000:03,0.075,0.111,0.065,0.0,0.0,0.0,0.0,0.75,0.1,0.286,0.1,0.2,0.167,0.0,0.0,0.167,0.0,0.083
0022400401,1610612742,DAL,Dallas,202681,Kyrie Irving,Kyrie,G,,29.000000:10,0.234,0.219,0.255,0.222,0.286,0.308,0.211,0.143,0.111,0.12,0.111,0.0,0.167,1.0,0.0,0.1,0.133,0.233
0022400401,1610612742,DAL,Dallas,1629029,Luka Dončić,Luka,G,,29.000000:47,0.341,0.345,0.358,0.125,0.304,0.462,0.421,0.125,0.333,0.269,0.438,0.333,0.143,0.0,0.0,0.154,0.429,0.342
0022400401,1610612742,DAL,Dallas,1629656,Quentin Grimes,Quentin,,,17.000000:07,0.173,0.118,0.188,0.0,0.167,0.077,0.118,0.167,0.286,0.231,0.4,0.0,0.0,0.0,0.0,0.286,0.154,0.1
0022400401,1610612742,DAL,Dallas,1628467,Maxi Kleber,Maxi,,,16.000000:01,0.108,0.071,0.074,0.333,0.182,0.0,0.0,0.2,0.0,0.071,0.0,0.5,1.0,0.0,0.0,0.5,0.091,0.075
0022400401,1610612742,DAL,Dallas,203915,Spencer Dinwiddie,Spencer,,,14.000000:06,0.085,0.067,0.074,0.5,0.1,0.0,0.0,0.25,0.0,0.1,0.222,0.333,1.0,0.0,0.0,0.167,0.091,0.075
0022400401,1610612742,DAL,Dallas,1629655,Daniel Gafford,Daniel,,,20.000000:51,0.243,0.35,0.189,0.0,0.0,0.75,0.737,0.167,0.444,0.333,0.167,0.0,0.0,0.5,0.0,0.0,0.625,0.411
0022400401,1610612742,DAL,Dallas,1630230,Naji Marshall,Naji,,,15.000000:36,0.158,0.154,0.214,0.0,0.091,0.0,0.0,0.0,0.091,0.071,0.286,0.0,0.0,0.0,1.0,0.091,0.0,0.108
0022400401,1610612742,DAL,Dallas,1641765,Olivier-Maxence Prosper,Olivier-Maxence,,,10.000000:30,0.273,0.222,0.19,0.0,0.125,1.0,0.667,0.667,0.375,0.455,0.25,0.5,0.0,0.0,0.0,0.0,0.667,0.32
0022400401,1610612742,DAL,Dallas,203939,Dwight Powell,Dwight,,,10.000000:30,0.156,0.333,0.143,0.333,0.125,0.0,0.333,0.333,0.25,0.273,0.0,0.0,0.5,0.5,0.0,0.286,0.333,0.28
0022400401,1610612742,DAL,Dallas,1630556,Kessler Edwards,Kessler,,,9.000000:15,0.127,0.0,0.158,0.0,0.143,0.0,0.0,0.0,0.167,0.111,0.25,0.0,0.0,0.5,0.0,0.333,0.0,0.0
0022400401,1610612742,DAL,Dallas,1641789,Jazian Gortman,Jazian,,,9.000000:15,0.169,0.125,0.211,0.5,0.429,0.0,0.0,0.0,0.167,0.111,0.25,0.0,0.5,0.0,0.0,0.333,0.0,0.136
0022400401,1610612742,DAL,Dallas,202693,Markieff Morris,Markieff,,DNP - Coach's Decision,,0.0,,,,,,,,,,,,,,,,,
0022400478,1610612755,PHI,Philadelphia,1628997,Caleb Martin,Caleb,F,,24.000000:51,0.17,0.304,0.195,0.286,0.167,0.063,0.15,0.6,0.059,0.182,0.167,0.111,0.167,1.0,0.0,0.6,0.167,0.246
0022400478,1610612755,PHI,Philadelphia,1627824,Guerschon Yabusele,Guerschon,F,,25.000000:33,0.087,0.043,0.098,0.0,0.158,0.1,0.154,0.25,0.263,0.261,0.0,0.0,0.286,0.0,0.0,0.0,0.182,0.047
0022400478,1610612755,PHI,Philadelphia,203954,Joel Embiid,Joel,C,,28.000000:58,0.348,0.348,0.308,0.2,0.111,0.625,0.556,0.2,0.44,0.4,0.333,0.333,0.0,0.0,0.667,0.222,0.455,0.389
0022400478,1610612755,PHI,Philadelphia,202331,Paul George,Paul,G,,28.000000:58,0.247,0.261,0.269,0.3,0.333,0.125,0.111,0.0,0.16,0.133,0.333,0.222,0.286,0.0,0.0,0.222,0.091,0.236
0022400478,1610612755,PHI,Philadelphia,1630178,Tyrese Maxey,Tyrese,G,,31.000000:48,0.237,0.172,0.226,0.222,0.25,0.375,0.35,0.0,0.08,0.067,0.318,0.286,0.0,0.0,0.0,0.0,0.467,0.217
0022400478,1610612755,PHI,Philadelphia,200768,Kyle Lowry,Kyle,,,24.000000:07,0.054,0.1,0.049,0.125,0.048,0.0,0.0,0.333,0.125,0.148,0.267,0.125,0.5,0.0,0.0,0.2,0.0,0.083
0022400478,1610612755,PHI,Philadelphia,202704,Reggie Jackson,Reggie,,,22.000000:06,0.197,0.167,0.243,0.286,0.333,0.0,0.0,0.333,0.048,0.083,0.077,0.125,0.5,0.0,0.0,0.4,0.1,0.148
0022400478,1610612755,PHI,Philadelphia,1642348,Justin Edwards,Justin,,,22.000000:52,0.153,0.222,0.175,0.375,0.273,0.0,0.0,0.333,0.167,0.185,0.077,0.125,0.0,0.0,0.5,0.2,0.0,0.212
0022400478,1610612755,PHI,Philadelphia,203083,Andre Drummond,Andre,,,8.000000:09,0.299,0.25,0.286,0.0,0.25,0.4,0.286,0.0,0.8,0.667,0.0,0.333,0.333,0.0,1.0,0.25,0.2,0.286
0022400478,1610612755,PHI,Philadelphia,201569,Eric Gordon,Eric,,,6.000000:57,0.102,0.0,0.077,0.0,0.2,0.0,0.0,0.0,0.0,0.0,0.0,0.333,0.25,0.0,0.0,0.0,0.0,0.0
0022400478,1610612755,PHI,Philadelphia,1641741,Ricky Council IV,Ricky,,,8.000000:51,0.142,0.2,0.2,0.0,0.111,0.0,0.0,0.0,0.333,0.286,0.286,0.0,0.0,0.0,0.0,0.0,0.0,0.148
0022400478,1610612755,PHI,Philadelphia,1641737,Adem Bona,Adem,,,6.000000:50,0.358,0.25,0.182,0.0,0.0,1.0,1.0,0.0,0.333,0.273,0.2,0.5,0.0,1.0,0.0,0.333,1.0,0.286
0022400478,1610612751,BKN,Brooklyn,1630533,Ziaire Williams,Ziaire,F,,21.000000:37,0.235,0.429,0.222,0.667,0.353,0.5,0.444,0.0,0.214,0.176,0.182,0.182,0.25,1.0,0.0,0.125,0.333,0.475
0022400478,1610612751,BKN,Brooklyn,1630592,Jalen Wilson,Jalen,F,,33.000000:02,0.178,0.154,0.183,0.3,0.276,0.0,0.0,0.333,0.158,0.182,0.0,0.231,0.0,0.0,0.0,0.462,0.111,0.157
0022400478,1610612751,BKN,Brooklyn,1629651,Nic Claxton,Nic,C,,23.000000:24,0.182,0.313,0.205,0.0,0.05,0.0,0.0,0.333,0.286,0.294,0.0,0.167,0.0,0.0,0.0,0.2,0.167,0.217
0022400478,1610612751,BKN,Brooklyn,1630553,Keon Johnson,Keon,G,,36.000000:21,0.212,0.2,0.233,0.143,0.156,0.273,0.222,0.25,0.292,0.286,0.421,0.118,0.2,0.0,0.5,0.188,0.214,0.2
0022400478,1610612751,BKN,Brooklyn,1626156,D'Angelo Russell,D'Angelo,G,,14.000000:08,0.229,0.091,0.174,0.2,0.2,0.333,0.333,0.0,0.111,0.1,0.444,0.375,0.667,0.0,0.0,0.0,0.25,0.152
0022400478,1610612751,BKN,Brooklyn,1641730,Noah Clowney,Noah,,,18.000000:36,0.169,0.083,0.097,1.0,0.231,0.0,0.0,0.333,0.294,0.3,0.5,0.444,1.0,0.0,0.0,0.25,0.143,0.107
0022400478,1610612751,BKN,Brooklyn,1641787,Tosan Evbuomwan,Tosan,,,20.000000:42,0.122,0.071,0.114,0.2,0.211,0.0,0.286,0.0,0.056,0.048,0.125,0.091,0.0,0.333,0.0,0.273,0.125,0.081
0022400478,1610612751,BKN,Brooklyn,1631213,Tyrese Martin,Tyrese,,,29.000000:14,0.307,0.316,0.353,0.111,0.25,1.0,0.571,0.25,0.211,0.217,0.25,0.0,0.0,0.0,1.0,0.077,0.273,0.32
0022400478,1610612751,BKN,Brooklyn,1630549,Day'Ron Sharpe,Day'Ron,,,25.000000:02,0.152,0.105,0.19,0.125,0.19,0.0,0.071,0.333,0.222,0.238,0.182,0.091,0.0,0.333,0.0,0.167,0.167,0.093
0022400478,1610612751,BKN,Brooklyn,1641736,Reece Beekman,Reece,,,17.000000:55,0.188,0.214,0.121,0.0,0.063,0.2,0.167,0.0,0.077,0.063,0.0,0.571,0.5,0.333,0.0,0.125,0.25,0.189
0022400478,1610612751,BKN,Brooklyn,1627732,Ben Simmons,Ben,,DND - Injury/Illness,,0.0,,,,,,,,,,,,,,,,,
0022400478,1610612751,BKN,Brooklyn,1630570,Trendon Watford,Trendon,,DND - Injury/Illness,,0.0,,,,,,,,,,,,,,,,,
0042400121,1610612765,DET,Detroit,202699,Tobias Harris,Tobias,F,,39.000000:47,0.17,0.258,0.188,0.286,0.172,0.385,0.278,0.0,0.273,0.194,0.0,0.059,0.0,0.222,0.111,0.0,0.25,0.281
0042400121,1610612765,DET,Detroit,1641709,Ausar Thompson,Ausar,F,,22.000000:51,0.223,0.2,0.195,0.0,0.0,0.25,0.273,0.0,0.4,0.316,0.071,0.375,0.0,0.0,0.4,0.455,0.167,0.182
0042400121,1610612765,DET,Detroit,1631105,Jalen Duren,Jalen,C,,24.000000:44,0.102,0.176,0.087,0.0,0.0,0.143,0.222,0.714,0.091,0.333,0.25,0.111,0.333,0.6,0.0,0.4,0.1,0.152
0042400121,1610612765,DET,Detroit,1630595,Cade Cunningham,Cade,G,,39.000000:06,0.308,0.25,0.309,0.091,0.174,0.333,0.313,0.125,0.217,0.194,0.6,0.316,0.0,0.0,0.556,0.158,0.333,0.241
0042400121,1610612765,DET,Detroit,203501,Tim Hardaway Jr.,Tim,G,,27.000000:38,0.248,0.269,0.26,0.333,0.471,0.286,0.3,0.2,0.071,0.105,0.067,0.2,0.25,0.0,0.0,0.0,0.333,0.279
0042400121,1610612765,DET,Detroit,1627736,Malik Beasley,Malik,,,34.000000:56,0.208,0.233,0.25,0.5,0.48,0.0,0.0,0.125,0.158,0.148,0.133,0.118,0.4,0.143,0.2,0.118,0.2,0.244
0042400121,1610612765,DET,Detroit,1630191,Isaiah Stewart,Isaiah,,,18.000000:52,0.045,0.048,0.057,0.0,0.0,0.0,0.0,0.25,0.364,0.333,0.1,0.0,0.0,0.5,0.0,0.556,0.0,0.037
0042400121,1610612765,DET,Detroit,203471,Dennis Schröder,Dennis,,,25.000000:58,0.163,0.125,0.174,0.143,0.125,0.083,0.133,0.0,0.0,0.0,0.333,0.133,0.333,0.2,0.0,0.2,0.077,0.119
0042400121,1610612765,DET,Detroit,1641842,Ronald Holland II,Ronald,,,6.000000:08,0.203,0.0,0.091,0.0,0.2,0.0,0.0,0.667,0.0,0.4,0.0,1.0,0.0,0.0,0.0,0.0,0.0,0.0
0042400121,1610612765,DET,Detroit,1631323,Simone Fontecchio,Simone,,DNP - Coach's Decision,,0.0,,,,,,,,,,,,,,,,,
0042400121,1610612765,DET,Detroit,1641752,Bobi Klintman,Bobi,,DNP - Coach's Decision,,0.0,,,,,,,,,,,,,,,,,
0042400121,1610612765,DET,Detroit,1630194,Paul Reed,Paul,,DNP - Coach's Decision,,0.0,,,,,,,,,,,,,,,,,
0042400121,1610612765,DET,Detroit,1631204,Marcus Sasser,Marcus,,DNP - Coach's Decision,,0.0,,,,,,,,,,,,,,,,,
0042400121,1610612765,DET,Detroit,1630322,Lindy Waters III,Lindy,,DNP - Coach's Decision,,0.0,,,,,,,,,,,,,,,,,
0042400121,1610612752,NYK,New York,1628384,OG Anunoby,OG,F,,44.000000:07,0.217,0.178,0.209,0.375,0.348,0.333,0.286,0.375,0.154,0.206,0.0,0.222,0.417,0.222,0.286,0.158,0.158,0.209
0042400121,1610612752,NYK,New York,1628404,Josh Hart,Josh,F,,29.000000:33,0.183,0.176,0.179,0.125,0.063,0.0,0.0,0.667,0.263,0.318,0.3,0.333,0.0,0.2,0.4,0.2,0.083,0.159
0042400121,1610612752,NYK,New York,1626157,Karl-Anthony Towns,Karl-Anthony,C,,39.000000:12,0.16,0.227,0.187,0.125,0.158,0.182,0.154,0.0,0.458,0.379,0.2,0.0,0.4,0.25,0.0,0.188,0.111,0.215
0042400121,1610612752,NYK,New York,1628969,Mikal Bridges,Mikal,G,,28.000000:44,0.134,0.16,0.164,0.0,0.143,0.0,0.0,0.0,0.143,0.1,0.182,0.0,0.0,0.286,0.143,0.214,0.067,0.127
0042400121,1610612752,NYK,New York,1628973,Jalen Brunson,Jalen,G,,40.000000:28,0.34,0.3,0.338,0.25,0.227,0.667,0.714,0.0,0.091,0.067,0.364,0.125,0.0,0.0,0.25,0.167,0.611,0.34
0042400121,1610612752,NYK,New York,1629013,Landry Shamet,Landry,,,10.000000:13,0.114,0.1,0.091,0.0,0.0,0.0,0.0,0.0,0.0,0.0,0.0,0.333,0.0,0.0,0.5,0.0,0.0,0.08
0042400121,1610612752,NYK,New York,1629011,Mitchell Robinson,Mitchell,,,17.000000:53,0.068,0.25,0.088,0.0,0.0,0.0,0.0,0.6,0.333,0.429,0.0,0.0,0.167,0.5,0.0,0.125,0.125,0.167
0042400121,1610612752,NYK,New York,1630540,Miles McBride,Miles,,,15.000000:12,0.135,0.0,0.107,0.0,0.222,0.0,0.0,0.0,0.1,0.091,0.571,0.4,0.333,0.0,0.2,0.4,0.125,0.0
0042400121,1610612752,NYK,New York,1626166,Cameron Payne,Cameron,,,14.000000:40,0.234,0.263,0.241,0.75,0.625,0.25,0.2,0.0,0.0,0.0,0.083,0.333,0.25,0.0,0.0,0.5,0.25,0.304
0042400121,1610612752,NYK,New York,1630173,Precious Achiuwa,Precious,,DNP - Coach's Decision,,0.0,,,,,,,,,,,,,,,,,
0042400121,1610612752,NYK,New York,1642359,Pacôme Dadiet,Pacôme,,DNP - Coach's Decision,,0.0,,,,,,,,,,,,,,,,,
0042400121,1610612752,NYK,New York,1630574,Ariel Hukporti,Ariel,,DNP - Coach's Decision,,0.0,,,,,,,,,,,,,,,,,
0042400121,1610612752,NYK,New York,1642278,Tyler Kolek,Tyler,,DNP - Coach's Decision,,0.0,,,,,,,,,,,,,,,,,
0042400121,1610612752,NYK,New York,200782,P.J. Tucker,P.J.,,DNP - Coach's Decision,,0.0,,,,,,,,,,,,,,,,,
0042400121,1610612752,NYK,New York,1626153,Delon Wright,Delon,,DNP - Coach's Decision,,0.0,,,,,,,,,,,,,,,,,
0022401177,1610612748,MIA,Miami,203952,Andrew Wiggins,Andrew,F,,24.000000:21,0.248,0.138,0.271,0.0,0.167,0.333,0.375,0.5,0.095,0.185,0.158,0.0,0.5,0.333,0.0,0.25,0.286,0.13
0022401177,1610612748,MIA,Miami,1628389,Bam Adebayo,Bam,F,,21.000000:41,0.266,0.308,0.273,0.364,0.286,0.25,0.267,0.375,0.375,0.375,0.25,0.0,0.5,0.0,0.0,0.2,0.3,0.307
0022401177,1610612748,MIA,Miami,1642276,Kel'el Ware,Kel'el,C,,26.000000:24,0.174,0.167,0.189,0.0,0.04,0.0,0.0,0.333,0.364,0.355,0.1,0.167,0.0,0.667,0.0,0.0,0.0,0.127
0022401177,1610612748,MIA,Miami,1629639,Tyler Herro,Tyler,G,,21.000000:34,0.266,0.269,0.227,0.182,0.143,0.5,0.4,0.125,0.125,0.125,0.25,0.5,0.25,0.0,0.0,0.0,0.4,0.293
0022401177,1610612748,MIA,Miami,202692,Alec Burks,Alec,G,,21.000000:41,0.175,0.148,0.163,0.364,0.333,0.0,0.0,0.0,0.174,0.133,0.176,0.5,0.25,0.0,0.0,0.333,0.0,0.164
0022401177,1610612748,MIA,Miami,1630558,Davion Mitchell,Davion,,,22.000000:06,0.151,0.182,0.125,0.143,0.143,0.2,0.231,0.0,0.105,0.067,0.25,0.333,0.2,0.0,0.0,0.4,0.333,0.18
0022401177,1610612748,MIA,Miami,1629312,Haywood Highsmith,Haywood,,,19.000000:53,0.143,0.182,0.178,0.333,0.25,0.0,0.0,0.2,0.167,0.179,0.25,0.0,0.0,0.0,0.0,0.167,0.0,0.172
0022401177,1610612748,MIA,Miami,1629130,Duncan Robinson,Duncan,,,19.000000:21,0.269,0.35,0.295,0.75,0.571,0.167,0.111,0.125,0.071,0.091,0.0,0.25,0.0,0.0,0.0,0.286,0.143,0.389
0022401177,1610612748,MIA,Miami,203937,Kyle Anderson,Kyle,,,23.000000:14,0.131,0.143,0.13,0.0,0.0,0.2,0.429,0.0,0.222,0.16,0.316,0.0,0.143,1.0,0.5,0.333,0.333,0.129
0022401177,1610612748,MIA,Miami,1631170,Jaime Jaquez Jr.,Jaime,,,13.000000:49,0.188,0.25,0.176,0.2,0.077,0.0,0.0,0.667,0.25,0.333,0.385,0.5,0.167,0.0,0.0,0.2,0.0,0.229
0022401177,1610612748,MIA,Miami,1626179,Terry Rozier,Terry,,,12.000000:00,0.124,0.056,0.103,0.0,0.2,0.0,0.0,0.0,0.273,0.25,0.182,0.5,0.2,0.0,0.0,0.0,0.0,0.047
0022401177,1610612748,MIA,Miami,1642352,Keshad Johnson,Keshad,,,6.000000:58,0.311,0.364,0.294,0.0,0.0,0.667,0.667,1.0,0.143,0.25,0.0,0.0,0.333,0.0,1.0,0.333,0.5,0.385
0022401177,1610612748,MIA,Miami,1630528,Josh Christopher,Josh,,,6.000000:58,0.207,0.091,0.235,0.0,0.333,0.0,0.0,0.0,0.143,0.125,0.167,0.0,0.333,0.0,0.0,0.0,0.0,0.077
0022401177,1610612748,MIA,Miami,1641796,Pelle Larsson,Pelle,,DND - Injury/Illness,,0.0,,,,,,,,,,,,,,,,,
0022401177,1610612748,MIA,Miami,1641815,Isaiah Stevens,Isaiah,,DND - Injury/Illness,,0.0,,,,,,,,,,,,,,,,,
0022401177,1610612740,NOP,New Orleans,1631232,Keion Brooks Jr.,Keion,F,,36.000000:22,0.215,0.2,0.225,0.125,0.179,0.375,0.333,0.222,0.053,0.107,0.056,0.083,0.4,1.0,0.25,0.273,0.286,0.212
0022401177,1610612740,NOP,New Orleans,1630526,Jeremiah Robinson-Earl,Jeremiah,F,,32.000000:59,0.189,0.286,0.194,0.25,0.2,0.0,0.0,0.125,0.316,0.259,0.125,0.25,0.0,0.0,0.4,0.2,0.0,0.237
0022401177,1610612740,NOP,New Orleans,1630283,Kylor Kelley,Kylor,C,,20.000000:34,0.139,0.105,0.14,0.0,0.0,0.2,0.25,0.167,0.385,0.316,0.083,0.0,0.333,0.0,0.0,0.25,0.167,0.102
0022401177,1610612740,NOP,New Orleans,203901,Elfrid Payton,Elfrid,G,,29.000000:17,0.139,0.095,0.133,0.0,0.0,0.0,0.0,0.429,0.35,0.37,0.765,0.286,0.0,0.0,0.5,0.167,0.125,0.07
0022401177,1610612740,NOP,New Orleans,1630631,Jose Alvarado,Jose,G,,22.000000:41,0.287,0.333,0.304,0.429,0.45,0.5,0.333,0.167,0.154,0.158,0.0,0.2,0.0,0.0,0.0,0.125,0.5,0.359
0022401177,1610612740,NOP,New Orleans,1631288,Jamal Cain,Jamal,,,34.000000:59,0.247,0.258,0.232,0.333,0.233,0.385,0.389,0.222,0.227,0.226,0.136,0.25,0.2,0.0,0.0,0.167,0.364,0.287
0022401177,1610612740,NOP,New Orleans,1641810,Antonio Reeves,Antonio,,,34.000000:20,0.193,0.233,0.209,0.182,0.185,0.231,0.222,0.25,0.125,0.156,0.19,0.077,0.2,0.0,0.25,0.182,0.167,0.226
0022401177,1610612740,NOP,New Orleans,1631311,Lester Quinones,Lester,,,28.000000:49,0.16,0.107,0.158,0.2,0.273,0.077,0.111,0.0,0.05,0.037,0.15,0.2,0.167,0.5,0.0,0.25,0.167,0.114
0022401177,1610612740,NOP,New Orleans,1628971,Bruce Brown,Bruce,,DND - Injury/Illness,,0.0,,,,,,,,,,,,,,,,,
0022401177,1610612740,NOP,New Orleans,1631255,Karlo Matković,Karlo,,DND - Injury/Illness,,0.0,,,,,,,,,,,,,,,,,
0022401177,1610612740,NOP,New Orleans,1642274,Yves Missi,Yves,,DND - Injury/Illness,,0.0,,,,,,,,,,,,,,,,,
0022400289,1610612741,CHI,Chicago,203897,Zach LaVine,Zach,F,,31.000000:03,0.169,0.111,0.173,0.125,0.217,0.167,0.182,0.333,0.19,0.208,0.476,0.143,0.143,0.0,0.6,0.188,0.2,0.118
0022400289,1610612741,CHI,Chicago,1630245,Ayo Dosunmu,Ayo,F,,30.000000:41,0.182,0.333,0.218,0.111,0.115,0.0,0.2,0.25,0.158,0.174,0.087,0.0,0.167,0.0,0.0,0.063,0.222,0.28
0022400289,1610612741,CHI,Chicago,202696,Nikola Vučević,Nikola,C,,30.000000:08,0.314,0.32,0.377,0.25,0.24,0.143,0.222,0.25,0.526,0.478,0.211,0.154,0.0,0.0,0.333,0.167,0.2,0.292
0022400289,1610612741,CHI,Chicago,1629632,Coby White,Coby,G,,25.000000:59,0.242,0.158,0.222,0.286,0.318,0.167,0.143,0.0,0.125,0.105,0.154,0.357,0.0,0.0,0.2,0.167,0.25,0.176
0022400289,1610612741,CHI,Chicago,1630581,Josh Giddey,Josh,G,,23.000000:19,0.167,0.25,0.143,0.286,0.136,0.333,0.25,0.25,0.077,0.118,0.385,0.3,1.0,0.667,0.0,0.2,0.2,0.26
0022400289,1610612741,CHI,Chicago,1628366,Lonzo Ball,Lonzo,,,14.000000:43,0.151,0.125,0.111,0.4,0.231,0.0,0.0,0.0,0.111,0.091,0.231,0.667,0.667,1.0,0.0,0.0,0.2,0.146
0022400289,1610612741,CHI,Chicago,1641824,Matas Buzelis,Matas,,,25.000000:16,0.168,0.08,0.152,0.125,0.238,0.333,0.25,0.0,0.125,0.095,0.0,0.2,0.0,0.333,0.333,0.4,0.167,0.109
0022400289,1610612741,CHI,Chicago,1630604,E.J. Liddell,E.J.,,,17.000000:12,0.097,0.095,0.091,0.125,0.118,0.0,0.0,0.333,0.273,0.286,0.182,0.2,0.333,0.0,0.0,0.385,0.0,0.093
0022400289,1610612741,CHI,Chicago,1631207,Dalen Terry,Dalen,,,1.000000:42,0.0,0.0,0.0,0.0,0.0,0.0,0.0,0.0,0.0,0.0,0.0,0.0,0.0,0.0,0.0,0.0,0.0,0.0
0022400289,1610612741,CHI,Chicago,1641763,Julian Phillips,Julian,,,17.000000:20,0.118,0.05,0.111,0.0,0.111,0.5,0.4,0.5,0.1,0.214,0.0,0.0,0.333,0.5,0.0,0.091,0.25,0.077
0022400289,1610612741,CHI,Chicago,1629659,Talen Horton-Tucker,Talen,,,13.000000:47,0.338,0.538,0.32,0.5,0.308,0.6,0.5,0.0,0.1,0.077,0.2,0.25,0.0,0.0,0.0,0.2,0.286,0.541
0022400289,1610612741,CHI,Chicago,1628975,Jevon Carter,Jevon,,,4.000000:25,0.202,0.143,0.222,0.0,0.25,0.0,0.0,0.0,0.0,0.0,0.5,0.0,0.0,0.0,0.0,0.0,0.0,0.105
0022400289,1610612741,CHI,Chicago,1630537,Chris Duarte,Chris,,,4.000000:25,0.304,0.286,0.333,0.333,0.25,0.0,0.0,0.0,0.667,0.667,0.0,0.0,0.0,0.0,0.0,0.5,0.0,0.263
0022400289,1610612741,CHI,Chicago,1628470,Torrey Craig,Torrey,,DNP - Coach's Decision,,0.0,,,,,,,,,,,,,,,,,
0022400289,1610612753,ORL,Orlando,1630532,Franz Wagner,Franz,F,,31.000000:04,0.349,0.212,0.323,0.1,0.24,0.4,0.4,0.2,0.087,0.107,0.273,0.5,0.222,0.25,0.75,0.333,0.2,0.231
0022400289,1610612753,ORL,Orlando,1628976,Wendell Carter Jr.,Wendell,F,,17.000000:55,0.146,0.105,0.152,0.0,0.231,0.0,0.0,0.0,0.286,0.25,0.167,0.2,0.2,1.0,0.333,0.0,0.286,0.078
0022400289,1610612753,ORL,Orlando,1629048,Goga Bitadze,Goga,C,,25.000000:17,0.119,0.154,0.085,0.0,0.0,0.25,0.308,1.0,0.429,0.478,0.176,0.167,0.222,0.4,0.0,0.125,0.182,0.149
0022400289,1610612753,ORL,Orlando,203484,Kentavious Caldwell-Pope,Kentavious,G,,34.000000:09,0.172,0.235,0.197,0.545,0.37,0.125,0.118,0.0,0.04,0.033,0.087,0.125,0.444,0.0,0.0,0.222,0.167,0.253
0022400289,1610612753,ORL,Orlando,1630591,Jalen Suggs,Jalen,G,,31.000000:58,0.302,0.294,0.3,0.333,0.36,0.5,0.438,0.2,0.091,0.111,0.35,0.222,0.0,0.0,0.2,0.222,0.278,0.33
0022400289,1610612753,ORL,Orlando,1628371,Jonathan Isaac,Jonathan,,,22.000000:12,0.106,0.05,0.114,0.0,0.095,0.133,0.118,0.25,0.385,0.353,0.067,0.0,0.25,0.5,0.0,0.0,0.2,0.063
0022400289,1610612753,ORL,Orlando,1641710,Anthony Black,Anthony,,,15.000000:18,0.131,0.133,0.129,0.0,0.0,0.0,0.0,0.0,0.375,0.273,0.25,0.25,0.0,0.0,0.5,0.4,0.0,0.1
0022400289,1610612753,ORL,Orlando,1641783,Tristan da Silva,Tristan,,,19.000000:29,0.105,0.176,0.143,0.4,0.2,0.0,0.0,0.0,0.25,0.2,0.1,0.0,0.0,0.0,0.0,0.0,0.083,0.16
0022400289,1610612753,ORL,Orlando,1629021,Moritz Wagner,Moritz,,,18.000000:18,0.213,0.353,0.243,0.25,0.143,0.2,0.273,0.4,0.222,0.286,0.333,0.0,0.0,0.333,0.0,0.4,0.385,0.313
0022400289,1610612753,ORL,Orlando,1630175,Cole Anthony,Cole,,,11.000000:05,0.304,0.5,0.353,0.5,0.333,0.167,0.167,0.0,0.143,0.125,0.25,0.25,0.0,0.0,0.0,0.5,0.125,0.346
0022400289,1610612753,ORL,Orlando,1641724,Jett Howard,Jett,,,4.000000:25,0.102,0.0,0.167,0.0,0.25,0.0,0.0,0.0,0.0,0.0,0.0,0.0,0.0,0.0,0.0,0.0,0.0,0.0
0022400289,1610612753,ORL,Orlando,202709,Cory Joseph,Cory,,,4.000000:25,0.102,0.0,0.0,0.0,0.0,0.0,0.0,0.0,0.0,0.0,0.0,0.5,0.0,0.0,0.0,0.0,0.0,0.0
0022400289,1610612753,ORL,Orlando,1631216,Caleb Houstan,Caleb,,,4.000000:25,0.102,0.0,0.0,0.0,0.0,0.5,0.5,0.0,0.0,0.0,0.0,0.0,0.0,0.0,0.0,0.0,0.5,0.182
0022401184,1610612746,LAC,LA,1626181,Norman Powell,Norman,F,,35.000000:57,0.182,0.2,0.177,0.5,0.188,0.222,0.308,0.0,0.087,0.069,0.077,0.111,0.2,0.0,0.0,0.25,0.182,0.219
0022401184,1610612746,LAC,LA,202695,Kawhi Leonard,Kawhi,F,,42.000000:20,0.279,0.278,0.3,0.4,0.176,0.429,0.333,0.167,0.214,0.206,0.188,0.0,0.167,0.0,1.0,0.231,0.412,0.308
0022401184,1610612746,LAC,LA,1627826,Ivica Zubac,Ivica,C,,35.000000:47,0.151,0.258,0.172,0.0,0.0,0.071,0.056,0.4,0.346,0.355,0.0,0.143,0.0,0.0,0.0,0.111,0.067,0.215
0022401184,1610612746,LAC,LA,1627739,Kris Dunn,Kris,G,,22.000000:22,0.152,0.091,0.162,0.0,0.375,0.0,0.0,0.0,0.118,0.111,0.0,0.167,0.0,0.0,0.0,0.5,0.0,0.078
0022401184,1610612746,LAC,LA,201935,James Harden,James,G,,42.000000:36,0.265,0.222,0.224,0.333,0.353,0.357,0.389,0.333,0.321,0.324,0.556,0.417,0.5,1.0,0.0,0.111,0.235,0.25
0022401184,1610612746,LAC,LA,1627884,Derrick Jones Jr.,Derrick,,,25.000000:18,0.234,0.278,0.243,0.2,0.308,0.0,0.0,0.5,0.0,0.067,0.0,0.333,0.667,0.0,0.0,0.0,0.1,0.224
0022401184,1610612746,LAC,LA,203992,Bogdan Bogdanović,Bogdan,,,21.000000:24,0.155,0.059,0.167,0.0,0.182,0.0,0.0,0.167,0.1,0.125,0.222,0.167,0.0,0.0,0.0,0.167,0.1,0.044
0022401184,1610612746,LAC,LA,1629234,Drew Eubanks,Drew,,,1.000000:57,0.2,0.0,0.0,0.0,0.0,0.0,0.0,0.0,0.0,0.0,1.0,0.5,0.0,0.0,0.0,1.0,0.0,0.0
0022401184,1610612746,LAC,LA,1627732,Ben Simmons,Ben,,,12.000000:20,0.0,0.0,0.0,0.0,0.0,0.0,0.0,0.0,0.25,0.167,0.4,0.0,0.0,0.5,0.0,0.333,0.667,0.0
0022401184,1610612746,LAC,LA,1631116,Patrick Baldwin Jr.,Patrick,,DNP - Coach's Decision,,0.0,,,,,,,,,,,,,,,,,
0022401184,1610612746,LAC,LA,1641738,Kobe Brown,Kobe,,DNP - Coach's Decision,,0.0,,,,,,,,,,,,,,,,,
0022401184,1610612746,LAC,LA,1642353,Cam Christie,Cam,,DNP - Coach's Decision,,0.0,,,,,,,,,,,,,,,,,
0022401184,1610612746,LAC,LA,1642280,Trentyn Flowers,Trentyn,,DNP - Coach's Decision,,0.0,,,,,,,,,,,,,,,,,
0022401184,1610612746,LAC,LA,1641757,Jordan Miller,Jordan,,DNP - Coach's Decision,,0.0,,,,,,,,,,,,,,,,,
0022401184,1610612758,SAC,Sacramento,201942,DeMar DeRozan,DeMar,F,,40.000000:04,0.256,0.194,0.282,0.125,0.192,0.2,0.25,0.125,0.08,0.091,0.381,0.0,0.0,0.0,0.0,0.118,0.4,0.188
0022401184,1610612758,SAC,Sacramento,1631099,Keegan Murray,Keegan,F,,31.000000:54,0.162,0.12,0.164,0.143,0.261,0.167,0.154,0.75,0.217,0.296,0.067,0.143,0.5,0.0,0.0,0.111,0.059,0.13
0022401184,1610612758,SAC,Sacramento,1627734,Domantas Sabonis,Domantas,C,,39.000000:14,0.226,0.286,0.221,0.111,0.071,0.154,0.143,0.333,0.481,0.444,0.294,0.4,0.5,0.0,0.0,0.133,0.167,0.244
0022401184,1610612758,SAC,Sacramento,203897,Zach LaVine,Zach,G,,40.000000:54,0.296,0.3,0.311,0.5,0.429,0.333,0.308,0.0,0.138,0.1,0.278,0.125,0.0,0.0,1.0,0.2,0.167,0.325
0022401184,1610612758,SAC,Sacramento,1631165,Keon Ellis,Keon,G,,32.000000:28,0.071,0.043,0.034,0.125,0.074,0.222,0.2,0.167,0.0,0.034,0.071,0.25,0.0,1.0,0.0,0.25,0.25,0.079
0022401184,1610612758,SAC,Sacramento,1626168,Trey Lyles,Trey,,,29.000000:41,0.092,0.174,0.094,0.143,0.118,0.0,0.0,0.3,0.235,0.259,0.0,0.111,0.0,0.0,0.0,0.167,0.0,0.148
0022401184,1610612758,SAC,Sacramento,202685,Jonas Valančiūnas,Jonas,,,10.000000:11,0.351,0.273,0.263,0.0,0.0,0.75,0.75,0.0,0.429,0.333,0.143,1.0,0.0,0.0,0.0,0.75,0.5,0.333
0022401184,1610612758,SAC,Sacramento,1642269,Devin Carter,Devin,,,15.000000:34,0.181,0.214,0.222,0.5,0.5,0.0,0.0,0.0,0.111,0.071,0.222,0.0,0.667,0.0,0.0,0.333,0.182,0.189
0022401184,1610612758,SAC,Sacramento,203109,Jae Crowder,Jae,,DNP - Coach's Decision,,0.0,,,,,,,,,,,,,,,,,
0022401184,1610612758,SAC,Sacramento,1629056,Terence Davis,Terence,,DNP - Coach's Decision,,0.0,,,,,,,,,,,,,,,,,
0022401184,1610612758,SAC,Sacramento,1628365,Markelle Fultz,Markelle,,DNP - Coach's Decision,,0.0,,,,,,,,,,,,,,,,,
0022401184,1610612758,SAC,Sacramento,1642403,Isaac Jones,Isaac,,DNP - Coach's Decision,,0.0,,,,,,,,,,,,,,,,,
0022401184,1610612758,SAC,Sacramento,203926,Doug McDermott,Doug,,DNP - Coach's Decision,,0.0,,,,,,,,,,,,,,,,,
0022401175,1610612739,CLE,Cleveland,1630596,Evan Mobley,Evan,F,,35.000000:09,0.248,0.125,0.182,0.1,0.185,0.643,0.636,0.4,0.222,0.27,0.133,0.167,0.167,0.0,0.0,0.167,0.538,0.222
0022401175,1610612739,CLE,Cleveland,1629731,Dean Wade,Dean,F,,26.000000:42,0.077,0.0,0.05,0.0,0.067,0.1,0.154,0.0,0.105,0.087,0.0,0.167,0.0,0.0,0.0,0.222,0.125,0.017
0022401175,1610612739,CLE,Cleveland,1628386,Jarrett Allen,Jarrett,C,,32.000000:50,0.131,0.133,0.122,0.0,0.0,0.167,0.182,0.6,0.4,0.433,0.111,0.1,0.2,0.0,0.0,0.091,0.143,0.126
0022401175,1610612739,CLE,Cleveland,1629636,Darius Garland,Darius,G,,32.000000:49,0.32,0.333,0.347,0.111,0.25,0.278,0.318,0.0,0.08,0.067,0.722,0.3,0.4,0.0,0.0,0.091,0.357,0.299
0022401175,1610612739,CLE,Cleveland,1629622,Max Strus,Max,G,,34.000000:51,0.276,0.28,0.283,0.833,0.545,0.0,0.0,0.0,0.185,0.139,0.188,0.455,0.0,1.0,0.5,0.2,0.091,0.279
0022401175,1610612739,CLE,Cleveland,1641854,Craig Porter Jr.,Craig,,,21.000000:10,0.156,0.286,0.132,0.0,0.0,0.375,0.214,0.3,0.143,0.208,0.111,0.286,0.333,0.0,0.0,0.2,0.25,0.282
0022401175,1610612739,CLE,Cleveland,1630171,Isaac Okoro,Isaac,,,27.000000:26,0.134,0.261,0.184,0.5,0.176,0.0,0.0,0.182,0.136,0.152,0.077,0.0,0.167,0.0,0.0,0.4,0.0,0.231
0022401175,1610612739,CLE,Cleveland,1642281,Jaylon Tyson,Jaylon,,,21.000000:48,0.187,0.167,0.231,0.143,0.176,0.0,0.0,0.111,0.25,0.2,0.1,0.125,0.2,0.0,0.5,0.3,0.0,0.135
0022401175,1610612739,CLE,Cleveland,1629750,Javonte Green,Javonte,,,7.000000:15,0.254,0.25,0.308,0.0,0.5,0.0,0.0,0.0,0.4,0.286,0.0,0.0,0.0,0.0,0.0,0.0,0.0,0.182
0022401175,1610612739,CLE,Cleveland,1641734,Emoni Bates,Emoni,,DNP - Coach's Decision,,0.0,,,,,,,,,,,,,,,,,
0022401175,1610612739,CLE,Cleveland,1629643,Chuma Okeke,Chuma,,DNP - Coach's Decision,,0.0,,,,,,,,,,,,,,,,,
0022401175,1610612739,CLE,Cleveland,202684,Tristan Thompson,Tristan,,DNP - Coach's Decision,,0.0,,,,,,,,,,,,,,,,,
0022401175,1610612739,CLE,Cleveland,1641772,Nae'Qwan Tomlin,Nae'Qwan,,DNP - Coach's Decision,,0.0,,,,,,,,,,,,,,,,,
0022401175,1610612739,CLE,Cleveland,1631247,Luke Travers,Luke,,DNP - Coach's Decision,,0.0,,,,,,,,,,,,,,,,,
0022401175,1610612752,NYK,New York,1628384,OG Anunoby,OG,F,,34.000000:47,0.253,0.207,0.286,0.2,0.346,0.077,0.111,0.0,0.25,0.167,0.25,0.125,0.222,0.0,1.0,0.2,0.154,0.185
0022401175,1610612752,NYK,New York,1628404,Josh Hart,Josh,F,,34.000000:29,0.104,0.136,0.097,0.182,0.107,0.0,0.0,0.222,0.5,0.407,0.294,0.25,0.167,0.0,0.0,0.267,0.0,0.119
0022401175,1610612752,NYK,New York,1629011,Mitchell Robinson,Mitchell,C,,32.000000:48,0.078,0.103,0.063,0.0,0.0,0.182,0.286,0.5,0.167,0.318,0.111,0.0,0.222,1.0,0.0,0.25,0.25,0.1
0022401175,1610612752,NYK,New York,1628969,Mikal Bridges,Mikal,G,,36.000000:24,0.179,0.207,0.197,0.1,0.172,0.308,0.278,0.222,0.0,0.08,0.421,0.0,0.125,0.0,0.0,0.125,0.25,0.21
0022401175,1610612752,NYK,New York,1628973,Jalen Brunson,Jalen,G,,36.000000:17,0.274,0.3,0.254,0.3,0.241,0.462,0.389,0.0,0.059,0.038,0.111,0.333,0.125,0.0,0.0,0.063,0.308,0.325
0022401175,1610612752,NYK,New York,1630540,Miles McBride,Miles,,,17.000000:33,0.238,0.286,0.242,0.333,0.278,0.5,0.5,0.0,0.083,0.077,0.167,0.0,0.167,0.0,0.0,0.6,0.286,0.308
0022401175,1610612752,NYK,New York,1629013,Landry Shamet,Landry,,,20.000000:47,0.262,0.357,0.3,0.625,0.5,0.0,0.0,0.333,0.154,0.188,0.0,0.0,0.0,0.0,0.0,0.0,0.286,0.395
0022401175,1610612752,NYK,New York,1626166,Cameron Payne,Cameron,,,11.000000:43,0.251,0.0,0.238,0.0,0.083,0.0,0.0,0.0,0.0,0.0,0.0,0.5,0.333,0.0,1.0,0.0,0.0,0.0
0022401175,1610612752,NYK,New York,1630173,Precious Achiuwa,Precious,,,15.000000:12,0.196,0.0,0.208,0.0,0.0,0.0,0.0,0.0,0.462,0.462,0.0,0.25,1.0,1.0,0.0,0.333,0.2,0.0
0022401175,1610612752,NYK,New York,1642359,Pacôme Dadiet,Pacôme,,DNP - Coach's Decision,,0.0,,,,,,,,,,,,,,,,,
0022401175,1610612752,NYK,New York,1642278,Tyler Kolek,Tyler,,DNP - Coach's Decision,,0.0,,,,,,,,,,,,,,,,,
0022401175,1610612752,NYK,New York,1641755,Kevin McCullar Jr.,Kevin,,DNP - Coach's Decision,,0.0,,,,,,,,,,,,,,,,,
0022401175,1610612752,NYK,New York,200782,P.J. Tucker,P.J.,,DNP - Coach's Decision,,0.0,,,,,,,,,,,,,,,,,
0022401175,1610612752,NYK,New York,1641817,Anton Watson,Anton,,DNP - Coach's Decision,,0.0,,,,,,,,,,,,,,,,,
0022401175,1610612752,NYK,New York,1626153,Delon Wright,Delon,,DNP - Coach's Decision,,0.0,,,,,,,,,,,,,,,,,
0022401200,1610612756,PHX,Phoenix,1628960,Grayson Allen,Grayson,F,,27.000000:42,0.276,0.32,0.265,0.333,0.259,0.0,0.0,0.0,0.133,0.105,0.238,0.375,0.0,0.0,0.5,0.333,0.0,0.323
0022401200,1610612756,PHX,Phoenix,1642346,Ryan Dunn,Ryan,F,,29.000000:46,0.182,0.172,0.19,0.167,0.176,0.0,0.0,0.75,0.222,0.385,0.136,0.143,0.2,1.0,0.333,0.2,0.0,0.169
0022401200,1610612756,PHX,Phoenix,203486,Mason Plumlee,Mason,C,,21.000000:59,0.093,0.111,0.111,0.0,0.05,0.0,0.0,0.0,0.5,0.417,0.2,0.0,0.0,0.0,0.0,0.0,0.0,0.089
0022401200,1610612756,PHX,Phoenix,1631221,Collin Gillespie,Collin,G,,28.000000:13,0.155,0.174,0.137,0.3,0.214,1.0,1.0,0.0,0.231,0.158,0.167,0.167,0.667,0.0,0.0,0.2,0.667,0.211
0022401200,1610612756,PHX,Phoenix,1626145,Tyus Jones,Tyus,G,,25.000000:55,0.246,0.28,0.271,0.273,0.241,0.0,0.0,0.0,0.133,0.095,0.19,0.125,0.25,0.0,0.0,0.0,0.5,0.274
0022401200,1610612756,PHX,Phoenix,1642345,Oso Ighodaro,Oso,,,26.000000:01,0.176,0.227,0.146,0.0,0.0,0.0,0.0,0.286,0.111,0.16,0.231,0.429,0.25,0.0,0.0,0.286,0.25,0.189
0022401200,1610612756,PHX,Phoenix,1626220,Royce O'Neale,Royce,,,21.000000:05,0.228,0.133,0.265,0.167,0.444,0.0,0.0,0.0,0.231,0.176,0.3,0.111,0.25,0.0,0.0,0.25,0.333,0.139
0022401200,1610612756,PHX,Phoenix,1628998,Cody Martin,Cody,,,12.000000:25,0.161,0.125,0.158,0.0,0.154,0.0,0.0,0.0,0.25,0.182,0.2,0.2,0.0,0.0,1.0,0.2,0.0,0.1
0022401200,1610612756,PHX,Phoenix,1628420,Monté Morris,Monté,,,21.000000:02,0.176,0.214,0.219,0.5,0.308,0.0,0.0,0.333,0.182,0.214,0.286,0.0,0.0,0.0,0.5,0.5,0.0,0.25
0022401200,1610612756,PHX,Phoenix,1631102,TyTy Washington Jr.,TyTy,,,12.000000:59,0.233,0.091,0.227,0.0,0.125,0.0,0.5,0.0,0.125,0.1,0.2,0.0,0.0,0.0,0.0,0.0,0.25,0.077
0022401200,1610612756,PHX,Phoenix,1627814,Damion Lee,Damion,,,5.000000:33,0.368,0.4,0.4,0.0,0.5,0.0,0.0,0.0,0.2,0.2,0.0,0.0,0.0,0.0,0.0,0.0,0.0,0.333
0022401200,1610612756,PHX,Phoenix,1629626,Bol Bol,Bol,,,4.000000:34,0.0,0.0,0.0,0.0,0.0,0.0,0.0,0.0,0.0,0.0,0.0,0.0,0.0,0.0,0.0,0.0,0.0,0.0
0022401200,1610612756,PHX,Phoenix,1641779,Jalen Bridges,Jalen,,,2.000000:46,0.34,0.0,0.2,0.0,0.5,1.0,1.0,0.0,0.333,0.333,0.0,0.0,0.0,0.0,0.0,0.0,1.0,0.333
0022401200,1610612758,SAC,Sacramento,201942,DeMar DeRozan,DeMar,F,,27.000000:33,0.193,0.143,0.184,0.0,0.0,0.0,0.0,0.0,0.0,0.0,0.278,0.286,0.0,0.0,1.0,0.333,0.0,0.118
0022401200,1610612758,SAC,Sacramento,1631099,Keegan Murray,Keegan,F,,22.000000:43,0.165,0.125,0.178,0.0,0.2,0.0,0.0,0.0,0.389,0.292,0.143,0.0,0.0,0.0,0.0,0.0,0.0,0.109
0022401200,1610612758,SAC,Sacramento,1627734,Domantas Sabonis,Domantas,C,,23.000000:43,0.243,0.333,0.227,0.4,0.211,0.0,0.0,0.8,0.5,0.571,0.353,0.4,0.75,0.0,0.0,0.0,0.25,0.339
0022401200,1610612758,SAC,Sacramento,203897,Zach LaVine,Zach,G,,26.000000:34,0.231,0.222,0.224,0.444,0.3,0.0,0.0,0.0,0.0,0.0,0.118,0.333,0.0,0.0,0.0,0.0,0.167,0.242
0022401200,1610612758,SAC,Sacramento,1631165,Keon Ellis,Keon,G,,28.000000:45,0.136,0.138,0.157,0.091,0.208,0.0,0.0,0.0,0.111,0.091,0.15,0.0,0.167,1.0,0.0,0.667,0.0,0.127
0022401200,1610612758,SAC,Sacramento,202685,Jonas Valančiūnas,Jonas,,,20.000000:58,0.296,0.476,0.289,0.0,0.0,1.0,1.0,0.75,0.467,0.526,0.286,0.4,0.0,0.0,0.0,0.5,0.4,0.458
0022401200,1610612758,SAC,Sacramento,1626168,Trey Lyles,Trey,,,24.000000:45,0.181,0.174,0.217,0.286,0.389,0.333,0.333,0.0,0.154,0.095,0.063,0.0,0.333,0.0,0.0,0.0,0.333,0.196
0022401200,1610612758,SAC,Sacramento,1642269,Devin Carter,Devin,,,22.000000:30,0.153,0.105,0.159,0.2,0.125,0.0,0.0,0.25,0.2,0.217,0.077,0.125,0.333,0.0,0.0,0.25,0.5,0.114
0022401200,1610612758,SAC,Sacramento,203926,Doug McDermott,Doug,,,14.000000:43,0.258,0.154,0.308,0.667,0.6,0.0,0.0,0.0,0.0,0.0,0.2,0.0,0.0,0.0,0.0,0.0,0.0,0.207
0022401200,1610612758,SAC,Sacramento,1628365,Markelle Fultz,Markelle,,,12.000000:00,0.16,0.2,0.15,0.0,0.0,0.0,0.0,0.0,0.2,0.182,0.5,0.2,0.0,0.5,0.0,0.333,1.0,0.174
0022401200,1610612758,SAC,Sacramento,1642403,Isaac Jones,Isaac,,,7.000000:53,0.118,0.167,0.071,0.0,0.0,0.0,0.0,1.0,0.143,0.25,0.0,0.333,0.0,1.0,0.0,0.0,0.0,0.154
0022401200,1610612758,SAC,Sacramento,1629056,Terence Davis,Terence,,,7.000000:53,0.118,0.0,0.143,0.0,0.25,0.0,0.0,0.0,0.143,0.125,0.25,0.0,0.0,0.0,0.0,0.0,0.0,0.0
0022401200,1610612758,SAC,Sacramento,203109,Jae Crowder,Jae,,DNP - Coach's Decision,,0.0,,,,,,,,,,,,,,,,,
